"Name","Window","Factor","Threshold","Init","rmse_TEDA_pond","rmse_TEDA_stack","rmse_TEDA_major","mae_TEDA_pond","mae_TEDA_stack","mae_TEDA_major","Energy_Consumed"
"lemon-sweep-386","2","0.99","2","zero","5.143705328086772","9.5508638400489","5.0111789418077946","26.457704502188243","91.21900009115366","25.11191438681789","3.0949613611963095e-8"
"visionary-sweep-141","2","0.75","2.3","Xavier","3.7660630050814143","3.7660630050814135","3.7660630050814135","14.183230558242853","14.183230558242846","14.183230558242846","3.2529500924738393e-8"
"pleasant-sweep-131","2","0.75","1.8","Xavier","3.770246796607208","4.659151253136803","3.795356724958153","14.214760907326916","21.70769039960624","14.404732669685076","3.015506237754077e-8"
"super-sweep-441","2","1","2.3","Xavier","3.869616670934059","3.869616670934059","3.869616670934059","14.97393317997079","14.97393317997079","14.97393317997079","3.9925175623491464e-8"
"giddy-sweep-156","2","0.75","1.8","Yoshua","3.9158155610709007","3.7852585155016025","3.971237870155067","15.333611508325014","14.328182029177396","15.770730221353755","2.7770384768043892e-8"
"dazzling-sweep-201","2","0.98","1.5","He","3.3371333826052827","8.839964046270612","3.396759650166988","11.136459213298576","78.14496433935709","11.53797612100256","6.123868745046619e-8"
"eager-sweep-116","2","0.75","2.3","He","3.3875936692887674","3.3875936692887674","3.3875936692887674","11.475790868205332","11.475790868205332","11.475790868205332","2.33143448554074e-8"
"cosmic-sweep-446","2","1","3","Xavier","3.869616670934059","3.869616670934059","3.869616670934059","14.97393317997079","14.97393317997079","14.97393317997079","2.5762504651159663e-8"
"exalted-sweep-436","2","1","2","Xavier","3.807938549535435","4.020543682084419","3.8758581669025416","14.500395997038034","16.16477149954894","15.02227652994513","3.7661318949125826e-8"
"desert-sweep-486","2","1","2","zero","5.156915578812929","9.560291098465449","5.0239112303602225","26.59377828700348","91.39916588739769","25.23968405053956","4.089788654192085e-8"
"quiet-sweep-1","2","0.5","1.5","He","4.731406710482635","9.631702775715691","4.8321016497333975","22.386209460000103","92.76969835972936","23.349206353356223","1.0425310842480133e-7"
"glowing-sweep-81","2","0.5","1.8","zero","5.468239824345843","11.24054979891351","5.694576834821257","29.901646776561854","126.34995978185454","32.42820532768289","3.269332592152649e-8"
"flowing-sweep-51","2","0.5","1.5","Yoshua","4.884979338722284","4.764580120475311","5.08467998306574","23.863023139743603","22.701223724428527","25.85397053018942","7.456594253944281e-8"
"kind-sweep-86","2","0.5","2","zero","5.435183942817234","9.27955675481108","5.50366419983596","29.541224492258294","86.11017356575991","30.290319624555995","4.0469893737811927e-8"
"whole-sweep-426","2","1","1.5","Xavier","3.825710299927045","4.589390297125901","3.884236814448827","14.636059298967876","21.062503299353367","15.087295630719575","4.7571325066731635e-8"
"vivid-sweep-36","2","0.5","2","Xavier","4.886519870553412","5.081414780485344","4.927311199933973","23.87807644531334","25.820776171334916","24.278395660994768","3.0054719567008063e-8"
"usual-sweep-336","2","0.99","2","Xavier","3.79680318124374","4.012510961648258","3.8638718710729862","14.41571439710258","16.100244217347424","14.92950583606906","2.8990880994115288e-8"
"stellar-sweep-421","2","1","3","He","3.40423810713613","3.40423810713613","3.40423810713613","11.588837090077782","11.588837090077782","11.588837090077782","3.008646066013575e-8"
"apricot-sweep-56","2","0.5","1.8","Yoshua","5.122694669015253","4.798596442150569","5.204167727589768","26.24200067195729","23.026527814620103","27.08336173688685","4.2404948063929426e-8"
"eternal-sweep-266","2","0.98","2.3","Yoshua","4.053982706464396","4.053982706464396","4.053982706464396","16.43477578431239","16.43477578431239","16.43477578431239","3.016325362738017e-8"
"earnest-sweep-276","2","0.98","1.5","zero","5.25719887186763","13.217882303409294","4.998803913287681","27.638139978366283","174.71241258678057","24.988040563500235","1.9230085294856913e-7"
"ancient-sweep-226","2","0.98","1.5","Xavier","3.8031712654184098","4.579000483518389","3.859379228896173","14.464111674104265","20.96724542806164","14.894808032435217","4.5124571459053993e-8"
"zesty-sweep-71","2","0.5","3","Yoshua","4.943929285150359","4.94392928515036","4.94392928515036","24.442436776567344","24.44243677656735","24.44243677656735","2.4105824371139938e-8"
"misunderstood-sweep-366","2","0.99","2.3","Yoshua","4.066352855724516","4.066352855724516","4.066352855724516","16.53522554725893","16.53522554725893","16.53522554725893","4.1070926694778286e-8"
"decent-sweep-11","2","0.5","2","He","4.833430187319567","7.529998210976364","4.770460746478487","23.362047375692065","56.70087305730725","22.75729573369208","3.00526717545482e-8"
"sweepy-sweep-461","2","1","2","Yoshua","4.03535128928157","3.962483849821449","4.084804562070053","16.284060027906428","15.701278260095808","16.685628310308314","4.6043015347297325e-8"
"wandering-sweep-306","2","0.99","1.8","He","3.3818485950808452","8.839148257376912","3.4074718355823577","11.436899920050283","78.13054191588931","11.610864310287004","3.8234706437884194e-8"
"atomic-sweep-191","2","0.75","2.3","zero","4.793459100439414","4.7934591004394145","4.7934591004394145","22.977250147585433","22.97725014758544","22.97725014758544","2.591711449187844e-8"
"effortless-sweep-321","2","0.99","3","He","3.3935290353844154","3.3935290353844154","3.3935290353844154","11.516039313997082","11.516039313997082","11.516039313997082","4.254432775964133e-8"
"major-sweep-281","2","0.98","1.8","zero","5.12187487545932","11.956269610529546","5.00817105141822","26.233602239861423","142.95238299967232","25.081777280263477","3.8359622997935135e-8"
"winter-sweep-26","2","0.5","1.5","Xavier","4.809415373437863","5.3435654074246735","4.9969599828015445","23.130476234260463","28.553691263425616","24.96960906972001","6.96798906651313e-8"
"rosy-sweep-121","2","0.75","3","He","3.3875936692887674","3.3875936692887674","3.3875936692887674","11.475790868205332","11.475790868205332","11.475790868205332","2.5920186210568218e-8"
"denim-sweep-301","2","0.99","1.5","He","3.3469744426363066","8.840579700552826","3.408527365541864","11.202237919660616","78.1558494418267","11.618058801647758","8.267633244157779e-8"
"balmy-sweep-106","2","0.75","1.8","He","3.536274612378417","9.163817889428795","3.4211576465103457","12.50523813415212","83.97555831061526","11.704319642276207","3.81835111263879e-8"
"lyric-sweep-171","2","0.75","3","Yoshua","3.9443340900944666","3.944334090094467","3.944334090094467","15.557771414281342","15.557771414281346","15.557771414281346","3.145743566632417e-8"
"dauntless-sweep-181","2","0.75","1.8","zero","4.796145531458175","11.485242887916357","4.807470344472631","23.003011958926223","131.91080419443324","23.1117711129838","3.0273835500212145e-8"
"warm-sweep-21","2","0.5","3","He","4.69427233872804","4.69427233872804","4.69427233872804","22.036192790147226","22.036192790147226","22.036192790147226","4.2635556746593775e-8"
"glorious-sweep-256","2","0.98","1.8","Yoshua","4.0091233553235535","3.9306380279369737","4.069160772579351","16.073070078200786","15.449915306664264","16.558069393098577","3.7497493952337714e-8"
"misty-sweep-356","2","0.99","1.8","Yoshua","4.023367902405546","3.9445184679759713","4.083801378722752","16.187489278107208","15.559225944203504","16.67743370085785","3.0045504410938726e-8"
"radiant-sweep-151","2","0.75","1.5","Yoshua","3.896822429416016","4.199370261376167","3.9191053246444594","15.185225046399738","17.63471059213054","15.359386545656552","3.852140018226337e-8"
"divine-sweep-6","2","0.5","1.8","He","5.13244857289323","10.129540472937386","4.954825250730621","26.34202835339375","102.60759019287654","24.550293265277755","3.2700493265135973e-8"
"pleasant-sweep-451","2","1","1.5","Yoshua","4.06557967427435","4.288825313886566","4.092090520873492","16.528938087872728","18.394022573034196","16.745204831022686","4.6634833148194353e-8"
"dark-sweep-286","2","0.98","2","zero","5.129453554991537","9.540770832002964","4.997411060417202","26.31129377281532","91.02630806879851","24.974117306780183","3.3240091848306797e-8"
"fiery-sweep-481","2","1","1.8","zero","5.155881280800577","11.98486929195916","5.037805046017725","26.5831117817098","143.63709194534562","25.37947968168166","4.0744265171749965e-8"
"young-sweep-476","2","1","1.5","zero","5.28385098955534","13.22828787811661","5.026649450900831","27.919081279824944","174.98760018632686","25.267204702241624","4.1864454022970676e-8"
"snowy-sweep-211","2","0.98","2","He","3.326149580679726","6.3836073072706965","3.384875760914203","11.06327103305592","40.75044225343984","11.457383916824504","2.9333889581140386e-8"
"rosy-sweep-246","2","0.98","3","Xavier","3.846124215591993","3.846124215591993","3.846124215591993","14.79267148176312","14.792671481763122","14.792671481763122","3.0129464721792635e-8"
"wise-sweep-406","2","1","1.8","He","3.390816188963667","8.836109317834861","3.4199285981761114","11.497634427338086","78.07682787672805","11.695911616622825","3.0012739411581096e-8"
"atomic-sweep-316","2","0.99","2.3","He","3.3935290353844154","3.3935290353844154","3.3935290353844154","11.516039313997082","11.516039313997082","11.516039313997082","2.5354989971649253e-8"
"silver-sweep-411","2","1","2","He","3.345723791030643","6.386693764200213","3.4084141477318073","11.193867685868458","40.78985723767388","11.617287002458342","2.8397149977763553e-8"
"pious-sweep-146","2","0.75","3","Xavier","3.7660630050814143","3.7660630050814135","3.7660630050814135","14.183230558242853","14.183230558242846","14.183230558242846","3.6923082557349425e-8"
"rural-sweep-331","2","0.99","1.8","Xavier","3.805651363924407","4.553389775466679","3.874813675117074","14.4829823037397","20.733358447324488","15.014181016874284","3.0035265348639475e-8"
"silvery-sweep-91","2","0.5","2.3","zero","5.449909177004888","5.449909177004889","5.449909177004889","29.701510037602095","29.7015100376021","29.7015100376021","3.622170678985033e-8"
"misunderstood-sweep-431","2","1","1.8","Xavier","3.817723676055599","4.55907317490425","3.8880847306103368","14.575014066715475","20.78514821413152","15.117202872405256","4.635837846611442e-8"
"visionary-sweep-66","2","0.5","2.3","Yoshua","4.943929285150359","4.94392928515036","4.94392928515036","24.442436776567344","24.44243677656735","24.44243677656735","3.304759747708077e-8"
"grateful-sweep-101","2","0.75","1.5","He","3.3726686050101864","8.991682691383925","3.3770659756949617","11.374893519221356","80.85035762253328","11.404574604196563","3.4554787447531356e-8"
"driven-sweep-96","2","0.5","3","zero","5.449909177004888","5.449909177004889","5.449909177004889","29.701510037602095","29.7015100376021","29.7015100376021","2.6968554373828133e-8"
"celestial-sweep-111","2","0.75","2","He","3.384820300447984","6.542916172490974","3.369511350698125","11.45700846632478","42.80975204024394","11.353606742483503","3.2381034521399166e-8"
"golden-sweep-341","2","0.99","2.3","Xavier","3.858353393365799","3.8583533933658","3.8583533933658","14.886890908097378","14.88689090809738","14.88689090809738","2.5268981848335492e-8"
"ancient-sweep-61","2","0.5","2","Yoshua","4.944621794813899","4.753767364476566","5.013354846981535","24.449284693748623","22.598304155562477","25.133726821753253","3.0002500349281845e-8"
"misty-sweep-456","2","1","1.8","Yoshua","4.03651495367346","3.9572012176629663","4.097341112921976","16.293452971229453","15.659441477073267","16.788204195640695","4.4006465855975176e-8"
"misunderstood-sweep-136","2","0.75","2","Xavier","3.708337306154025","3.99987252357526","3.748032868086582","13.75176557621369","15.99898020485232","14.04775038025733","4.839883474624508e-8"
"northern-sweep-311","2","0.99","2","He","3.3363955316071285","6.3852930385684905","3.3971568322899075","11.131535143328014","40.77196718839123","11.540674543174","3.4841481191910546e-8"
"still-sweep-166","2","0.75","2.3","Yoshua","3.9443340900944666","3.944334090094467","3.944334090094467","15.557771414281342","15.557771414281346","15.557771414281346","2.9849938321022925e-8"
"fanciful-sweep-491","2","1","2.3","zero","5.013806125316869","5.013806125316869","5.013806125316869","25.138251862264948","25.138251862264948","25.138251862264948","3.821867539399035e-8"
"amber-sweep-41","2","0.5","2.3","Xavier","4.8552948131613345","4.8552948131613345","4.8552948131613345","23.573887722711355","23.57388772271136","23.57388772271136","3.8004327536150914e-8"
"good-sweep-271","2","0.98","3","Yoshua","4.053982706464396","4.053982706464396","4.053982706464396","16.43477578431239","16.43477578431239","16.43477578431239","3.5730231799486024e-8"
"devout-sweep-376","2","0.99","1.5","zero","5.27101759703256","13.22331720373802","5.013208867843321","27.783626508226902","174.85611787067387","25.132263152622915","4.869390857657487e-8"
"fast-sweep-291","2","0.98","2.3","zero","4.989922151001403","4.989922151001404","4.989922151001404","24.89932307305447","24.89932307305448","24.89932307305448","2.5895612461050004e-8"
"light-sweep-126","2","0.75","1.5","Xavier","3.706154462967112","4.622162216218934","3.745982326040833","13.735580903371044","21.36438355304192","14.032383587010292","3.85582608065407e-8"
"azure-sweep-261","2","0.98","2","Yoshua","4.01087356337787","3.939854401205652","4.059305530183645","16.08710674140349","15.522452702699548","16.47796138737952","3.3871841992170944e-8"
"sparkling-sweep-221","2","0.98","3","He","3.38188833389082","3.38188833389082","3.38188833389082","11.437168702906826","11.437168702906826","11.437168702906826","2.561915777897007e-8"
"golden-sweep-236","2","0.98","2","Xavier","3.784637111361109","4.0036211813565075","3.8508167753390503","14.323478064691756","16.028982563806476","14.828789837232645","2.989089457021995e-8"
"fiery-sweep-396","2","0.99","3","zero","5.002325025034973","5.002325025034972","5.002325025034972","25.02325565609114","25.023255656091138","25.023255656091138","3.3511147834512184e-8"
"proud-sweep-196","2","0.75","3","zero","4.793459100439414","4.7934591004394145","4.7934591004394145","22.977250147585433","22.97725014758544","22.97725014758544","3.0013763317811024e-8"
"happy-sweep-466","2","1","2.3","Yoshua","4.077754192752853","4.0777541927528524","4.0777541927528524","16.628079256513473","16.628079256513466","16.628079256513466","4.2533064791112145e-8"
"mild-sweep-361","2","0.99","2","Yoshua","4.0236396738346025","3.9516899745489336","4.0725925765653175","16.189676224855823","15.61585365495055","16.58601029469493","4.488395349502146e-8"
"lively-sweep-76","2","0.5","1.5","zero","5.488275278169811","12.84019586457522","5.5703097419088206","30.12116552896992","164.87062984065457","31.028350620804307","4.9852970428850723e-8"
"earnest-sweep-206","2","0.98","1.8","He","3.3721296986427745","8.84246714737224","3.3939755095238984","11.371258704468609","78.18922525235736","11.519069759248003","3.0031169723719764e-8"
"amber-sweep-31","2","0.5","1.8","Xavier","5.101256178022779","5.788016764367683","5.11679927422654","26.02281459381557","33.501138064601335","26.18163481272524","3.269127810906664e-8"
"electric-sweep-401","2","1","1.5","He","3.3560789018332176","8.841345687221786","3.4193880077165635","11.263265595330054","78.16939356095526","11.692214347315849","5.195709773134796e-8"
"glad-sweep-241","2","0.98","2.3","Xavier","3.846124215591993","3.846124215591993","3.846124215591993","14.79267148176312","14.792671481763122","14.792671481763122","3.387582209079988e-8"
"smart-sweep-176","2","0.75","1.5","zero","4.964020653520638","13.017403161648105","4.740894361105151","24.64150104857946","169.45278507288603","22.476079343158617","4.5376452391615705e-8"
"unique-sweep-351","2","0.99","1.5","Yoshua","4.0542053586414255","4.281626042830252","4.0797698086378995","16.43658109003685","18.332321570642243","16.644521691473322","4.95212248103548e-8"
"dandy-sweep-326","2","0.99","1.5","Xavier","3.814884067776372","4.584304741874795","3.87228955351581","14.553340450574","21.015849966375733","14.99462638626767","4.76300700036821e-8"
"splendid-sweep-231","2","0.98","1.8","Xavier","3.7925636210157494","4.547173508906617","3.8604513972326138","14.383538819452092","20.676786920102113","14.903084990395236","4.3208842902863075e-8"
"kind-sweep-346","2","0.99","3","Xavier","3.858353393365799","3.8583533933658","3.8583533933658","14.886890908097378","14.88689090809738","14.88689090809738","2.7372085244602812e-8"
"stoic-sweep-186","2","0.75","2","zero","4.859497261221671","9.281238270103913","4.77133447296488","23.61471363182092","86.14138382644143","22.765632652903047","0"
"playful-sweep-381","2","0.99","1.8","zero","5.1395195642601115","11.971167728877038","5.023527404420515","26.414661351412448","143.30885679290702","25.23582758296392","3.683605052780574e-8"
"faithful-sweep-416","2","1","2.3","He","3.40423810713613","3.40423810713613","3.40423810713613","11.588837090077782","11.588837090077782","11.588837090077782","3.0038337067329245e-8"
"decent-sweep-251","2","0.98","1.5","Yoshua","4.0419043947173625","4.273955255535957","4.066474092342917","16.33699113603553","18.266693526323422","16.53621154369615","4.316174104512053e-8"
"azure-sweep-296","2","0.98","3","zero","4.989922151001403","4.989922151001404","4.989922151001404","24.89932307305447","24.89932307305448","24.89932307305448","2.9869392539391514e-8"
"revived-sweep-16","2","0.5","2.3","He","4.69427233872804","4.69427233872804","4.69427233872804","22.036192790147226","22.036192790147226","22.036192790147226","2.590380371088941e-8"
"honest-sweep-496","2","1","3","zero","5.013806125316869","5.013806125316869","5.013806125316869","25.138251862264948","25.138251862264948","25.138251862264948","3.462878684205053e-8"
"icy-sweep-371","2","0.99","3","Yoshua","4.066352855724516","4.066352855724516","4.066352855724516","16.53522554725893","16.53522554725893","16.53522554725893","2.5732811370491823e-8"
"clean-sweep-46","2","0.5","3","Xavier","4.8552948131613345","4.8552948131613345","4.8552948131613345","23.573887722711355","23.57388772271136","23.57388772271136","3.0040384879789094e-8"
"genial-sweep-391","2","0.99","2.3","zero","5.002325025034973","5.002325025034972","5.002325025034972","25.02325565609114","25.023255656091138","25.023255656091138","3.3728495119981335e-8"
"clear-sweep-161","2","0.75","2","Yoshua","3.8863422229400806","3.818575482111329","3.9259375181965086","15.103655873806844","14.58151871258177","15.412985396782965","4.6425956277289524e-8"
"driven-sweep-471","2","1","3","Yoshua","4.077754192752853","4.0777541927528524","4.0777541927528524","16.628079256513473","16.628079256513466","16.628079256513466","3.5475417455346465e-8"
"bright-sweep-216","2","0.98","2.3","He","3.38188833389082","3.38188833389082","3.38188833389082","11.437168702906826","11.437168702906826","11.437168702906826","3.058203127541977e-8"
"sparkling-sweep-297","3","0.98","3","zero","8.102322024718069","8.102322024718067","8.102322024718067","65.6476221922315","65.64762219223148","65.64762219223148","2.579219793182751e-8"
"sweepy-sweep-142","3","0.75","2.3","Xavier","6.670699764497766","6.6706997644977655","6.6706997644977655","44.49823534807055","44.498235348070544","44.498235348070544","3.4353077920235994e-8"
"happy-sweep-87","3","0.5","2","zero","6.403986971313716","6.403986971313717","6.403986971313717","41.01104912875583","41.01104912875584","41.01104912875584","2.9461398855169644e-8"
"glad-sweep-82","3","0.5","1.8","zero","6.403986971313716","6.403986971313717","6.403986971313717","41.01104912875583","41.01104912875584","41.01104912875584","3.8264651380788774e-8"
"ethereal-sweep-2","3","0.5","1.5","He","6.682157881863373","10.726359172110032","6.745089967278787","44.6512339581488","115.05478108910906","45.496238666684945","3.423225698510477e-8"
"winter-sweep-267","3","0.98","2.3","Yoshua","7.482265781065699","7.482265781065699","7.482265781065699","55.984301218506694","55.9843012185067","55.9843012185067","3.4218946204115736e-8"
"fresh-sweep-27","3","0.5","1.5","Xavier","6.719417507052093","7.021885169453174","6.8613309290644375","45.15057163407816","49.30687133298643","47.07786211813625","3.977435614577492e-8"
"colorful-sweep-317","3","0.99","2.3","He","7.1586484346625125","7.158648434662511","7.158648434662511","51.24624741109603","51.24624741109602","51.24624741109602","2.51256349761459e-8"
"woven-sweep-472","3","1","3","Yoshua","7.525783590851224","7.525783590851223","7.525783590851223","56.637418656325536","56.63741865632552","56.63741865632552","2.3589775631257404e-8"
"still-sweep-367","3","0.99","2.3","Yoshua","7.504873424521705","7.504873424521706","7.504873424521706","56.323125118092136","56.32312511809215","56.32312511809215","3.52786891520888e-8"
"wise-sweep-277","3","0.98","1.5","zero","8.288230261156832","13.917723733179692","8.114873707887607","68.69476086195583","193.7030339131133","65.85117529496557","3.003219362994969e-8"
"cosmic-sweep-252","3","0.98","1.5","Yoshua","7.446808502756737","7.517190399768209","7.492990284135036","55.45495687673002","56.50815150636733","56.144903398142056","2.974857160426028e-8"
"driven-sweep-17","3","0.5","2.3","He","5.8838027801284385","5.8838027801284385","5.8838027801284385","34.61913515544715","34.61913515544714","34.61913515544714","2.393380812451243e-8"
"firm-sweep-207","3","0.98","1.8","He","7.136877463658244","7.1368774636582435","7.1368774636582435","50.93501993127293","50.935019931272926","50.935019931272926","2.2629351587587132e-8"
"dark-sweep-332","3","0.99","1.8","Xavier","7.43359786990685","7.433597869906852","7.433597869906852","55.25837729148366","55.25837729148368","55.25837729148368","4.7238937823850496e-8"
"fast-sweep-262","3","0.98","2","Yoshua","7.482265781065699","7.482265781065699","7.482265781065699","55.984301218506694","55.9843012185067","55.9843012185067","3.8323786279887735e-8"
"ancient-sweep-427","3","1","1.5","Xavier","7.399615712737668","7.77588573863549","7.460648196812057","54.754312696194184","60.4643990203148","55.661271516595","3.3935135342315137e-8"
"efficient-sweep-7","3","0.5","1.8","He","5.8838027801284385","5.8838027801284385","5.8838027801284385","34.61913515544715","34.61913515544714","34.61913515544714","2.784001039167884e-8"
"major-sweep-327","3","0.99","1.5","Xavier","7.381024382013414","7.761442521949545","7.441823749712928","54.4795209278765","60.23999002152651","55.38074072179138","3.38419598753919e-8"
"zesty-sweep-412","3","1","2","He","7.178773200716098","7.178773200716097","7.178773200716097","51.53478466731964","51.534784667319634","51.534784667319634","3.0047552223398575e-8"
"dandy-sweep-147","3","0.75","3","Xavier","6.670699764497766","6.6706997644977655","6.6706997644977655","44.49823534807055","44.498235348070544","44.498235348070544","2.5033483415452593e-8"
"lilac-sweep-197","3","0.75","3","zero","7.288662179443484","7.288662179443483","7.288662179443483","53.12459636604983","53.12459636604982","53.12459636604982","3.5526152565555295e-8"
"lunar-sweep-232","3","0.98","1.8","Xavier","7.411143899697403","7.411143899697403","7.411143899697403","54.92505390202202","54.92505390202202","54.92505390202202","2.5761480744929742e-8"
"restful-sweep-387","3","0.99","2","zero","8.12594048920722","8.12594048920722","8.12594048920722","66.03090883413729","66.03090883413729","66.03090883413729","3.8649388461004096e-8"
"unique-sweep-337","3","0.99","2","Xavier","7.43359786990685","7.433597869906852","7.433597869906852","55.25837729148366","55.25837729148368","55.25837729148368","2.5767624182309296e-8"
"breezy-sweep-47","3","0.5","3","Xavier","6.010913823737486","6.010913823737487","6.010913823737487","36.13108499639841","36.131084996398414","36.131084996398414","3.002400238011028e-8"
"lilac-sweep-97","3","0.5","3","zero","6.403986971313716","6.403986971313717","6.403986971313717","41.01104912875583","41.01104912875584","41.01104912875584","2.7168327904847602e-8"
"charmed-sweep-357","3","0.99","1.8","Yoshua","7.504873424521705","7.504873424521706","7.504873424521706","56.323125118092136","56.32312511809215","56.32312511809215","2.9930826913187044e-8"
"true-sweep-237","3","0.98","2","Xavier","7.411143899697403","7.411143899697403","7.411143899697403","54.92505390202202","54.92505390202202","54.92505390202202","3.6330240850222455e-8"
"breezy-sweep-302","3","0.99","1.5","He","7.075927417799691","10.67506232582306","7.166415407749803","50.06874882196941","113.95695566020686","51.357509796433774","3.437355604483451e-8"
"wild-sweep-377","3","0.99","1.5","zero","8.311729915730401","13.938391584109793","8.136645502372374","69.0848541920477","194.27875995198264","66.20500003127658","3.8774305021055024e-8"
"fine-sweep-312","3","0.99","2","He","7.1586484346625125","7.158648434662511","7.158648434662511","51.24624741109603","51.24624741109602","51.24624741109602","3.0105914878504335e-8"
"proud-sweep-247","3","0.98","3","Xavier","7.411143899697403","7.411143899697403","7.411143899697403","54.92505390202202","54.92505390202202","54.92505390202202","3.755892832613325e-8"
"divine-sweep-222","3","0.98","3","He","7.136877463658244","7.1368774636582435","7.1368774636582435","50.93501993127293","50.935019931272926","50.935019931272926","2.520038013093048e-8"
"fast-sweep-407","3","1","1.8","He","7.178773200716098","7.178773200716097","7.178773200716097","51.53478466731964","51.534784667319634","51.534784667319634","3.2402536552227603e-8"
"hardy-sweep-322","3","0.99","3","He","7.1586484346625125","7.158648434662511","7.158648434662511","51.24624741109603","51.24624741109602","51.24624741109602","3.4583456821969275e-8"
"worldly-sweep-92","3","0.5","2.3","zero","6.403986971313716","6.403986971313717","6.403986971313717","41.01104912875583","41.01104912875584","41.01104912875584","2.5766600276079368e-8"
"earnest-sweep-457","3","1","1.8","Yoshua","7.525783590851224","7.525783590851223","7.525783590851223","56.637418656325536","56.63741865632552","56.63741865632552","3.896475157982119e-8"
"wandering-sweep-477","3","1","1.5","zero","8.33386250753655","13.957933812256044","8.157081305474335","69.45326429452338","194.82391630732056","66.53797542411888","2.946085395365117e-8"
"wandering-sweep-482","3","1","1.8","zero","8.147816285389041","8.147816285389043","8.147816285389043","66.38691022045087","66.3869102204509","66.3869102204509","3.1943826561220905e-8"
"unique-sweep-37","3","0.5","2","Xavier","6.010913823737486","6.010913823737487","6.010913823737487","36.13108499639841","36.131084996398414","36.131084996398414","2.5900731992199626e-8"
"easy-sweep-487","3","1","2","zero","8.147816285389041","8.147816285389043","8.147816285389043","66.38691022045087","66.3869102204509","66.3869102204509","2.574407433902101e-8"
"rosy-sweep-192","3","0.75","2.3","zero","7.288662179443484","7.288662179443483","7.288662179443483","53.12459636604983","53.12459636604982","53.12459636604982","2.996563972500452e-8"
"comic-sweep-257","3","0.98","1.8","Yoshua","7.482265781065699","7.482265781065699","7.482265781065699","55.984301218506694","55.9843012185067","55.9843012185067","2.972505336730238e-8"
"true-sweep-417","3","1","2.3","He","7.178773200716098","7.178773200716097","7.178773200716097","51.53478466731964","51.534784667319634","51.534784667319634","2.5513119709709524e-8"
"clean-sweep-462","3","1","2","Yoshua","7.525783590851224","7.525783590851223","7.525783590851223","56.637418656325536","56.63741865632552","56.63741865632552","3.023185534478519e-8"
"noble-sweep-272","3","0.98","3","Yoshua","7.482265781065699","7.482265781065699","7.482265781065699","55.984301218506694","55.9843012185067","55.9843012185067","2.5742026526561153e-8"
"kind-sweep-352","3","0.99","1.5","Yoshua","7.4670778666653055","7.535384975834514","7.513273932445965","55.75725186684289","56.78202673403252","56.44928518397205","3.559156242835747e-8"
"clean-sweep-382","3","0.99","1.8","zero","8.12594048920722","8.12594048920722","8.12594048920722","66.03090883413729","66.03090883413729","66.03090883413729","2.6086059019816172e-8"
"jumping-sweep-32","3","0.5","1.8","Xavier","6.010913823737486","6.010913823737487","6.010913823737487","36.13108499639841","36.131084996398414","36.131084996398414","3.3082410288898245e-8"
"dutiful-sweep-162","3","0.75","2","Yoshua","6.732673936983115","6.732673936983114","6.732673936983114","45.328898341731716","45.32889834173171","45.32889834173171","2.673521556958905e-8"
"swept-sweep-167","3","0.75","2.3","Yoshua","6.732673936983115","6.732673936983114","6.732673936983114","45.328898341731716","45.32889834173171","45.32889834173171","3.6713181780214655e-8"
"fallen-sweep-62","3","0.5","2","Yoshua","6.046830824422477","6.046830824422476","6.046830824422476","36.56416301918581","36.564163019185806","36.564163019185806","2.6214047298556883e-8"
"honest-sweep-442","3","1","2.3","Xavier","7.454363141069907","7.454363141069907","7.454363141069907","55.56752983894161","55.5675298389416","55.5675298389416","3.9303664541926595e-8"
"polished-sweep-177","3","0.75","1.5","zero","7.589006663291437","13.235781705279576","7.492290178340651","57.59302213548184","175.18591734981348","56.134412116459785","3.0820601426992456e-8"
"swift-sweep-497","3","1","3","zero","8.147816285389041","8.147816285389043","8.147816285389043","66.38691022045087","66.3869102204509","66.3869102204509","4.1396528875894654e-8"
"rose-sweep-397","3","0.99","3","zero","8.12594048920722","8.12594048920722","8.12594048920722","66.03090883413729","66.03090883413729","66.03090883413729","3.952380438136061e-8"
"absurd-sweep-57","3","0.5","1.8","Yoshua","6.046830824422477","6.046830824422476","6.046830824422476","36.56416301918581","36.564163019185806","36.564163019185806","2.4995598884945343e-8"
"leafy-sweep-422","3","1","3","He","7.178773200716098","7.178773200716097","7.178773200716097","51.53478466731964","51.534784667319634","51.534784667319634","3.744732254707135e-8"
"radiant-sweep-52","3","0.5","1.5","Yoshua","6.740676383490286","6.540347975483719","6.894148071786709","45.43671810694369","42.776151640413985","47.5292776357204","3.1661228441761426e-8"
"worldly-sweep-307","3","0.99","1.8","He","7.1586484346625125","7.158648434662511","7.158648434662511","51.24624741109603","51.24624741109602","51.24624741109602","3.7839478633132894e-8"
"leafy-sweep-402","3","1","1.5","He","7.092588200201437","10.679482362685468","7.18441608116654","50.30480737763666","114.05134353491","51.61583442732438","3.4246591672323734e-8"
"azure-sweep-77","3","0.5","1.5","zero","7.1028570698164275","12.41516478150032","7.220870133349713","50.45057855424121","154.1363165518059","52.14096548270191","4.83918562387468e-8"
"effortless-sweep-437","3","1","2","Xavier","7.454363141069907","7.454363141069907","7.454363141069907","55.56752983894161","55.5675298389416","55.5675298389416","2.8058883881890827e-8"
"daily-sweep-362","3","0.99","2","Yoshua","7.504873424521705","7.504873424521706","7.504873424521706","56.323125118092136","56.32312511809215","56.32312511809215","2.5565914655013938e-8"
"silver-sweep-117","3","0.75","2.3","He","6.435965527916872","6.435965527916872","6.435965527916872","41.42165227653431","41.42165227653431","41.42165227653431","4.7410954070478004e-8"
"worldly-sweep-452","3","1","1.5","Yoshua","7.486115145300675","7.552472485933579","7.5322925158615615","56.04191996870015","57.03984065078373","56.73543054450409","3.397618831437891e-8"
"stellar-sweep-227","3","0.98","1.5","Xavier","7.361224064266555","7.746049279193069","7.421745963203409","54.18761972433701","60.00127943568746","55.08231314232609","3.429778698382001e-8"
"comic-sweep-12","3","0.5","2","He","5.8838027801284385","5.8838027801284385","5.8838027801284385","34.61913515544715","34.61913515544714","34.61913515544714","2.5768648088539223e-8"
"fiery-sweep-282","3","0.98","1.8","zero","8.102322024718069","8.102322024718067","8.102322024718067","65.6476221922315","65.64762219223148","65.64762219223148","2.5767624182309296e-8"
"atomic-sweep-447","3","1","3","Xavier","7.454363141069907","7.454363141069907","7.454363141069907","55.56752983894161","55.5675298389416","55.5675298389416","3.4220994016575585e-8"
"apricot-sweep-242","3","0.98","2.3","Xavier","7.411143899697403","7.411143899697403","7.411143899697403","54.92505390202202","54.92505390202202","54.92505390202202","2.9669615298265252e-8"
"sweepy-sweep-212","3","0.98","2","He","7.136877463658244","7.1368774636582435","7.1368774636582435","50.93501993127293","50.935019931272926","50.935019931272926","3.5974945388438254e-8"
"olive-sweep-172","3","0.75","3","Yoshua","6.732673936983115","6.732673936983114","6.732673936983114","45.328898341731716","45.32889834173171","45.32889834173171","4.0684914046096316e-8"
"upbeat-sweep-122","3","0.75","3","He","6.435965527916872","6.435965527916872","6.435965527916872","41.42165227653431","41.42165227653431","41.42165227653431","2.5498336843838848e-8"
"dark-sweep-107","3","0.75","1.8","He","6.435965527916872","6.435965527916872","6.435965527916872","41.42165227653431","41.42165227653431","41.42165227653431","3.900980345393792e-8"
"lilac-sweep-372","3","0.99","3","Yoshua","7.504873424521705","7.504873424521706","7.504873424521706","56.323125118092136","56.32312511809215","56.32312511809215","3.021956847002609e-8"
"solar-sweep-467","3","1","2.3","Yoshua","7.525783590851224","7.525783590851223","7.525783590851223","56.637418656325536","56.63741865632552","56.63741865632552","2.7245120872092032e-8"
"proud-sweep-112","3","0.75","2","He","6.435965527916872","6.435965527916872","6.435965527916872","41.42165227653431","41.42165227653431","41.42165227653431","3.463465213346555e-8"
"sunny-sweep-342","3","0.99","2.3","Xavier","7.43359786990685","7.433597869906852","7.433597869906852","55.25837729148366","55.25837729148368","55.25837729148368","2.5384683252317093e-8"
"colorful-sweep-217","3","0.98","2.3","He","7.136877463658244","7.1368774636582435","7.1368774636582435","50.93501993127293","50.935019931272926","50.935019931272926","2.5720524495732712e-8"
"eternal-sweep-202","3","0.98","1.5","He","7.058164769129893","10.670298346260251","7.147215166840526","49.81768990818643","113.85526679820428","51.08268464111525","3.0148918940161217e-8"
"soft-sweep-137","3","0.75","2","Xavier","6.670699764497766","6.6706997644977655","6.6706997644977655","44.49823534807055","44.498235348070544","44.498235348070544","2.9641896520236815e-8"
"usual-sweep-287","3","0.98","2","zero","8.102322024718069","8.102322024718067","8.102322024718067","65.6476221922315","65.64762219223148","65.64762219223148","3.706130989838938e-8"
"faithful-sweep-347","3","0.99","3","Xavier","7.43359786990685","7.433597869906852","7.433597869906852","55.25837729148366","55.25837729148368","55.25837729148368","2.452767373786931e-8"
"super-sweep-42","3","0.5","2.3","Xavier","6.010913823737486","6.010913823737487","6.010913823737487","36.13108499639841","36.131084996398414","36.131084996398414","3.005881519192776e-8"
"eternal-sweep-132","3","0.75","1.8","Xavier","6.670699764497766","6.6706997644977655","6.6706997644977655","44.49823534807055","44.498235348070544","44.498235348070544","3.0100795347354716e-8"
"fast-sweep-292","3","0.98","2.3","zero","8.102322024718069","8.102322024718067","8.102322024718067","65.6476221922315","65.64762219223148","65.64762219223148","3.0078269410296343e-8"
"breezy-sweep-187","3","0.75","2","zero","7.288662179443484","7.288662179443483","7.288662179443483","53.12459636604983","53.12459636604982","53.12459636604982","2.533041622213104e-8"
"rural-sweep-102","3","0.75","1.5","He","6.613279458138345","10.58526582110313","6.660845818912417","43.735465191434606","112.04785250341412","44.366867023323024","4.7219483605481914e-8"
"decent-sweep-392","3","0.99","2.3","zero","8.12594048920722","8.12594048920722","8.12594048920722","66.03090883413729","66.03090883413729","66.03090883413729","2.9368203685306883e-8"
"noble-sweep-72","3","0.5","3","Yoshua","6.046830824422477","6.046830824422476","6.046830824422476","36.56416301918581","36.564163019185806","36.564163019185806","2.5719500589502788e-8"
"smart-sweep-432","3","1","1.8","Xavier","7.454363141069907","7.454363141069907","7.454363141069907","55.56752983894161","55.5675298389416","55.5675298389416","3.418618120475811e-8"
"feasible-sweep-182","3","0.75","1.8","zero","7.288662179443484","7.288662179443483","7.288662179443483","53.12459636604983","53.12459636604982","53.12459636604982","3.850073322155368e-8"
"robust-sweep-22","3","0.5","3","He","5.8838027801284385","5.8838027801284385","5.8838027801284385","34.61913515544715","34.61913515544714","34.61913515544714","3.0037313161099324e-8"
"icy-sweep-152","3","0.75","1.5","Yoshua","6.892274277242068","6.970676592927367","6.949732426063854","47.503444712732666","48.59033216318549","48.29878079388339","4.1002324977373275e-8"
"atomic-sweep-67","3","0.5","2.3","Yoshua","6.046830824422477","6.046830824422476","6.046830824422476","36.56416301918581","36.564163019185806","36.564163019185806","2.964340404080051e-8"
"eager-sweep-157","3","0.75","1.8","Yoshua","6.732673936983115","6.732673936983114","6.732673936983114","45.328898341731716","45.32889834173171","45.32889834173171","3.7877363163640144e-8"
"playful-sweep-492","3","1","2.3","zero","8.147816285389041","8.147816285389043","8.147816285389043","66.38691022045087","66.3869102204509","66.3869102204509","2.3650186098823023e-8"
"expert-sweep-127","3","0.75","1.5","Xavier","6.827406574647804","7.3025655089208765","6.88935370687507","46.613480535544056","53.32746301208083","47.46319449843327","5.0448883854667463e-8"
"vivid-sweep-443","4","1","2.3","Xavier","9.840832001701688","9.840832001701688","9.840832001701688","96.84197448571604","96.84197448571608","96.84197448571608","4.1231679972876614e-8"
"autumn-sweep-263","4","0.98","2","Yoshua","9.774538758549271","9.774538758549271","9.774538758549271","95.54160794238196","95.54160794238196","95.54160794238196","2.4266577649238266e-8"
"grateful-sweep-98","4","0.5","3","zero","6.877526691285105","6.877526691285105","6.877526691285105","47.30037338933904","47.30037338933904","47.30037338933904","3.005164784831828e-8"
"stilted-sweep-458","4","1","1.8","Yoshua","9.826038635491456","9.826038635491456","9.826038635491456","96.55103526617076","96.55103526617076","96.55103526617076","3.3343506377529293e-8"
"bright-sweep-358","4","0.99","1.8","Yoshua","9.801394314795353","9.801394314795354","9.801394314795354","96.06733051410266","96.06733051410268","96.06733051410268","4.408018710452981e-8"
"rosy-sweep-338","4","0.99","2","Xavier","9.816219272758326","9.816219272758325","9.816219272758325","96.358160810872","96.35816081087198","96.35816081087198","2.5592536216992004e-8"
"vital-sweep-8","4","0.5","1.8","He","7.209062839285086","7.209062839285085","7.209062839285085","51.970587020761144","51.97058702076113","51.97058702076113","2.590380371088941e-8"
"breezy-sweep-273","4","0.98","3","Yoshua","9.774538758549271","9.774538758549271","9.774538758549271","95.54160794238196","95.54160794238196","95.54160794238196","2.8413397880437212e-8"
"gentle-sweep-448","4","1","3","Xavier","9.840832001701688","9.840832001701688","9.840832001701688","96.84197448571604","96.84197448571608","96.84197448571608","2.5191164974861144e-8"
"breezy-sweep-318","4","0.99","2.3","He","9.899262147063125","9.899262147063125","9.899262147063125","97.9953910562768","97.99539105627684","97.99539105627684","3.735107536145834e-8"
"silvery-sweep-493","4","1","2.3","zero","9.642634502590552","9.642634502590552","9.642634502590552","92.98040015054976","92.98040015054973","92.98040015054973","2.479593717010983e-8"
"comic-sweep-88","4","0.5","2","zero","6.877526691285105","6.877526691285105","6.877526691285105","47.30037338933904","47.30037338933904","47.30037338933904","2.411503952720927e-8"
"splendid-sweep-33","4","0.5","1.8","Xavier","7.111144230399664","7.111144230399663","7.111144230399663","50.56837226554643","50.56837226554642","50.56837226554642","2.5765576369849443e-8"
"robust-sweep-153","4","0.75","1.5","Yoshua","9.240239919515576","9.848093645243887","9.281729506257498","85.38203377020922","96.98494844549305","86.15050262733108","3.435205401400607e-8"
"jolly-sweep-38","4","0.5","2","Xavier","7.111144230399664","7.111144230399663","7.111144230399663","50.56837226554643","50.56837226554642","50.56837226554642","2.5703118089823976e-8"
"vivid-sweep-68","4","0.5","2.3","Yoshua","7.093677372781773","7.093677372781773","7.093677372781773","50.32025866911612","50.320258669116114","50.320258669116114","2.5765576369849443e-8"
"denim-sweep-253","4","0.98","1.5","Yoshua","9.84650615875984","10.475443720064275","9.862776578321755","96.95368353449544","109.73492113223404","97.27436183389216","3.448618573012633e-8"
"logical-sweep-313","4","0.99","2","He","9.899262147063125","9.899262147063125","9.899262147063125","97.9953910562768","97.99539105627684","97.99539105627684","3.420358761066685e-8"
"lilac-sweep-83","4","0.5","1.8","zero","6.877526691285105","6.877526691285105","6.877526691285105","47.30037338933904","47.30037338933904","47.30037338933904","3.737667301720648e-8"
"still-sweep-328","4","0.99","1.5","Xavier","9.886807608222425","10.95256071440786","9.89536867508283","97.74896468200484","119.95858620279044","97.91832121581052","4.553822957594396e-8"
"expert-sweep-488","4","1","2","zero","9.642634502590552","9.642634502590552","9.642634502590552","92.98040015054976","92.98040015054973","92.98040015054973","2.969020894915452e-8"
"daily-sweep-373","4","0.99","3","Yoshua","9.801394314795353","9.801394314795354","9.801394314795354","96.06733051410266","96.06733051410268","96.06733051410268","3.6199180852791974e-8"
"silvery-sweep-163","4","0.75","2","Yoshua","8.721629199475146","8.721629199475146","8.721629199475146","76.06681589313749","76.06681589313749","76.06681589313749","3.5604291333205155e-8"
"blooming-sweep-478","4","1","1.5","zero","9.76854456816056","15.593636092094602","9.722920617909647","95.4244629801392","243.1614865726754","94.53518534217254","4.6883642362066294e-8"
"gallant-sweep-248","4","0.98","3","Xavier","9.789400410161283","9.789400410161283","9.789400410161283","95.83236039046592","95.83236039046592","95.83236039046592","3.7196465520739574e-8"
"avid-sweep-468","4","1","2.3","Yoshua","9.826038635491456","9.826038635491456","9.826038635491456","96.55103526617076","96.55103526617076","96.55103526617076","2.583724980594424e-8"
"fearless-sweep-158","4","0.75","1.8","Yoshua","8.721629199475146","8.721629199475146","8.721629199475146","76.06681589313749","76.06681589313749","76.06681589313749","3.9955892810389246e-8"
"treasured-sweep-28","4","0.5","1.5","Xavier","8.688124173006262","9.669558790703013","8.775061595966905","75.48350164557574","93.50036720686192","77.00170601301323","3.1653037191922016e-8"
"atomic-sweep-298","4","0.98","3","zero","9.59029261119628","9.59029261119628","9.59029261119628","91.97371236836597","91.97371236836594","91.97371236836594","2.570721371474368e-8"
"efficient-sweep-428","4","1","1.5","Xavier","9.90381525000754","10.96683512387007","9.91209419810497","98.08555650628192","120.27147263415024","98.24961139210625","4.80570389015611e-8"
"clear-sweep-238","4","0.98","2","Xavier","9.789400410161283","9.789400410161283","9.789400410161283","95.83236039046592","95.83236039046592","95.83236039046592","2.5920186210568218e-8"
"crisp-sweep-188","4","0.75","2","zero","8.519875646352752","8.519875646352753","8.519875646352753","72.58828102931473","72.58828102931474","72.58828102931474","3.0078269410296343e-8"
"fast-sweep-403","4","1","1.5","He","10.051556627439714","15.193502357410882","9.991472833832422","101.03379063462724","230.84251388465003","99.82952938921127","3.433157588940755e-8"
"lucky-sweep-243","4","0.98","2.3","Xavier","9.789400410161283","9.789400410161283","9.789400410161283","95.83236039046592","95.83236039046592","95.83236039046592","2.5640659809798512e-8"
"robust-sweep-388","4","0.99","2","zero","9.617600701638931","9.617600701638931","9.617600701638931","92.49824325616572","92.49824325616572","92.49824325616572","4.25555907281705e-8"
"magic-sweep-93","4","0.5","2.3","zero","6.877526691285105","6.877526691285105","6.877526691285105","47.30037338933904","47.30037338933904","47.30037338933904","2.5542364811725644e-8"
"peachy-sweep-178","4","0.75","1.5","zero","8.986924019772102","14.771891304577588","9.089380828120763","80.76480333715678","218.20877271425496","82.61684383860934","3.4498472604885445e-8"
"unique-sweep-223","4","0.98","3","He","9.87264929105946","9.87264929105946","9.87264929105946","97.46920402425684","97.46920402425684","97.46920402425684","2.6763884944026965e-8"
"playful-sweep-408","4","1","1.8","He","9.923697485018362","9.923697485018364","9.923697485018364","98.47977177415976","98.4797717741598","98.4797717741598","3.2925752635719615e-8"
"stilted-sweep-498","4","1","3","zero","9.642634502590552","9.642634502590552","9.642634502590552","92.98040015054976","92.98040015054973","92.98040015054973","3.2045193277983546e-8"
"pious-sweep-208","4","0.98","1.8","He","9.87264929105946","9.87264929105946","9.87264929105946","97.46920402425684","97.46920402425684","97.46920402425684","3.440222541927242e-8"
"true-sweep-53","4","0.5","1.5","Yoshua","8.63901529487613","9.029820542927148","8.758962893896797","74.6325852651037","81.53765903746911","76.71943097666095","4.6881594549606445e-8"
"polar-sweep-363","4","0.99","2","Yoshua","9.801394314795353","9.801394314795354","9.801394314795354","96.06733051410266","96.06733051410268","96.06733051410268","3.9024138141156886e-8"
"snowy-sweep-183","4","0.75","1.8","zero","8.519875646352752","8.519875646352753","8.519875646352753","72.58828102931473","72.58828102931474","72.58828102931474","3.8673962210522304e-8"
"kind-sweep-118","4","0.75","2.3","He","8.82912694551004","8.829126945510042","8.829126945510042","77.95348261993146","77.95348261993149","77.95348261993149","3.695584755670704e-8"
"absurd-sweep-348","4","0.99","3","Xavier","9.816219272758326","9.816219272758325","9.816219272758325","96.358160810872","96.35816081087198","96.35816081087198","3.717475188017893e-8"
"crimson-sweep-3","4","0.5","1.5","He","8.99371547777497","14.701796731076838","8.865359739165807","80.88691809516905","216.1428271219016","78.59460330482204","4.3066519936903414e-8"
"treasured-sweep-278","4","0.98","1.5","zero","9.723108253676418","15.54598621893822","9.686337478123477","94.53883411271048","241.67768751941705","93.82513374009945","4.6792514707602905e-8"
"floral-sweep-233","4","0.98","1.8","Xavier","9.789400410161283","9.789400410161283","9.789400410161283","95.83236039046592","95.83236039046592","95.83236039046592","3.3967513450205744e-8"
"stellar-sweep-198","4","0.75","3","zero","8.519875646352752","8.519875646352753","8.519875646352753","72.58828102931473","72.58828102931474","72.58828102931474","2.5896636367279928e-8"
"comfy-sweep-23","4","0.5","3","He","7.209062839285086","7.209062839285085","7.209062839285085","51.970587020761144","51.97058702076113","51.97058702076113","2.7488810554814337e-8"
"whole-sweep-453","4","1","1.5","Yoshua","9.882901198544356","10.509821977762092","9.897940569334532","97.67173610018948","110.4563580042511","97.96922751407844","3.434488667039659e-8"
"atomic-sweep-218","4","0.98","2.3","He","9.87264929105946","9.87264929105946","9.87264929105946","97.46920402425684","97.46920402425684","97.46920402425684","2.5600727466831414e-8"
"crisp-sweep-413","4","1","2","He","9.923697485018362","9.923697485018364","9.923697485018364","98.47977177415976","98.4797717741598","98.4797717741598","2.6625657602987002e-8"
"proud-sweep-108","4","0.75","1.8","He","8.82912694551004","8.829126945510042","8.829126945510042","77.95348261993146","77.95348261993149","77.95348261993149","2.6543745104592953e-8"
"grateful-sweep-203","4","0.98","1.5","He","10.02026720185947","15.183396666204482","9.957000408314","100.4057547966606","230.53553432330935","99.14185713116518","3.4293691358900314e-8"
"worthy-sweep-73","4","0.5","3","Yoshua","7.093677372781773","7.093677372781773","7.093677372781773","50.32025866911612","50.320258669116114","50.320258669116114","2.5690831215064872e-8"
"young-sweep-393","4","0.99","2.3","zero","9.617600701638931","9.617600701638931","9.617600701638931","92.49824325616572","92.49824325616572","92.49824325616572","3.3171361043034474e-8"
"sweet-sweep-268","4","0.98","2.3","Yoshua","9.774538758549271","9.774538758549271","9.774538758549271","95.54160794238196","95.54160794238196","95.54160794238196","2.6194593080188298e-8"
"wild-sweep-13","4","0.5","2","He","7.209062839285086","7.209062839285085","7.209062839285085","51.970587020761144","51.97058702076113","51.97058702076113","3.901697079754741e-8"
"dark-sweep-63","4","0.5","2","Yoshua","7.093677372781773","7.093677372781773","7.093677372781773","50.32025866911612","50.320258669116114","50.320258669116114","3.879785486434331e-8"
"swift-sweep-213","4","0.98","2","He","9.87264929105946","9.87264929105946","9.87264929105946","97.46920402425684","97.46920402425684","97.46920402425684","3.256004207123119e-8"
"rural-sweep-258","4","0.98","1.8","Yoshua","9.774538758549271","9.774538758549271","9.774538758549271","95.54160794238196","95.54160794238196","95.54160794238196","2.998711310093919e-8"
"wise-sweep-463","4","1","2","Yoshua","9.826038635491456","9.826038635491456","9.826038635491456","96.55103526617076","96.55103526617076","96.55103526617076","3.0213425032646536e-8"
"light-sweep-323","4","0.99","3","He","9.899262147063125","9.899262147063125","9.899262147063125","97.9953910562768","97.99539105627684","97.99539105627684","2.7569699146978465e-8"
"toasty-sweep-398","4","0.99","3","zero","9.617600701638931","9.617600701638931","9.617600701638931","92.49824325616572","92.49824325616572","92.49824325616572","4.005614350767752e-8"
"leafy-sweep-378","4","0.99","1.5","zero","9.746701608999553","15.570494701363335","9.705465581263528","94.99819225487448","242.44030524518377","94.196062149091","3.9722366708979786e-8"
"eager-sweep-148","4","0.75","3","Xavier","8.737910246440407","8.737910246440405","8.737910246440405","76.35107547484826","76.35107547484823","76.35107547484823","3.5946137074663265e-8"
"northern-sweep-383","4","0.99","1.8","zero","9.617600701638931","9.617600701638931","9.617600701638931","92.49824325616572","92.49824325616572","92.49824325616572","3.0247213938234074e-8"
"glamorous-sweep-333","4","0.99","1.8","Xavier","9.816219272758326","9.816219272758325","9.816219272758325","96.358160810872","96.35816081087198","96.35816081087198","2.587411043022157e-8"
"lunar-sweep-128","4","0.75","1.5","Xavier","9.27298934390447","10.379554475892048","9.29726104718894","85.98833137216586","107.73515111801063","86.43906297957682","4.2130669642751357e-8"
"treasured-sweep-303","4","0.99","1.5","He","10.036682979194673","15.188941248763442","9.97502398735454","100.73500522485604","230.70393625838753","99.5011035482985","3.435512573269584e-8"
"brisk-sweep-288","4","0.98","2","zero","9.59029261119628","9.59029261119628","9.59029261119628","91.97371236836597","91.97371236836594","91.97371236836594","3.6240137101989e-8"
"lucky-sweep-138","4","0.75","2","Xavier","8.737910246440407","8.737910246440405","8.737910246440405","76.35107547484826","76.35107547484823","76.35107547484823","3.417491823622893e-8"
"restful-sweep-58","4","0.5","1.8","Yoshua","7.093677372781773","7.093677372781773","7.093677372781773","50.32025866911612","50.320258669116114","50.320258669116114","2.5410585537757573e-8"
"bright-sweep-353","4","0.99","1.5","Yoshua","9.865516433661218","10.49345396503811","9.88116394260032","97.32841450283958","110.11257611637404","97.63740086054472","6.278797783150166e-8"
"firm-sweep-343","4","0.99","2.3","Xavier","9.816219272758326","9.816219272758325","9.816219272758325","96.358160810872","96.35816081087198","96.35816081087198","2.5916090585648513e-8"
"sunny-sweep-173","4","0.75","3","Yoshua","8.721629199475146","8.721629199475146","8.721629199475146","76.06681589313749","76.06681589313749","76.06681589313749","2.5381611533627316e-8"
"blooming-sweep-473","4","1","3","Yoshua","9.826038635491456","9.826038635491456","9.826038635491456","96.55103526617076","96.55103526617076","96.55103526617076","3.64357031919048e-8"
"curious-sweep-418","4","1","2.3","He","9.923697485018362","9.923697485018364","9.923697485018364","98.47977177415976","98.4797717741598","98.4797717741598","2.998611784960303e-8"
"fluent-sweep-48","4","0.5","3","Xavier","7.111144230399664","7.111144230399663","7.111144230399663","50.56837226554643","50.56837226554642","50.56837226554642","2.975676285409969e-8"
"zany-sweep-103","4","0.75","1.5","He","9.487802588248218","14.952223798351469","9.384304396882053","90.01839795356959","223.56899651598795","88.06516901333978","5.4079655345983866e-8"
"classic-sweep-143","4","0.75","2.3","Xavier","8.737910246440407","8.737910246440405","8.737910246440405","76.35107547484826","76.35107547484823","76.35107547484823","2.590482761711933e-8"
"sweepy-sweep-308","4","0.99","1.8","He","9.899262147063125","9.899262147063125","9.899262147063125","97.9953910562768","97.99539105627684","97.99539105627684","3.00526717545482e-8"
"wise-sweep-438","4","1","2","Xavier","9.840832001701688","9.840832001701688","9.840832001701688","96.84197448571604","96.84197448571608","96.84197448571608","3.006393472307738e-8"
"whole-sweep-133","4","0.75","1.8","Xavier","8.737910246440407","8.737910246440405","8.737910246440405","76.35107547484826","76.35107547484823","76.35107547484823","2.4306509992205368e-8"
"glad-sweep-113","4","0.75","2","He","8.82912694551004","8.829126945510042","8.829126945510042","77.95348261993146","77.95348261993149","77.95348261993149","2.5758409026239962e-8"
"logical-sweep-423","4","1","3","He","9.923697485018362","9.923697485018364","9.923697485018364","98.47977177415976","98.4797717741598","98.4797717741598","4.027626671485349e-8"
"scarlet-sweep-123","4","0.75","3","He","8.82912694551004","8.829126945510042","8.829126945510042","77.95348261993146","77.95348261993149","77.95348261993149","2.994925722532571e-8"
"treasured-sweep-433","4","1","1.8","Xavier","9.840832001701688","9.840832001701688","9.840832001701688","96.84197448571604","96.84197448571608","96.84197448571608","3.9062022671664136e-8"
"pleasant-sweep-368","4","0.99","2.3","Yoshua","9.801394314795353","9.801394314795354","9.801394314795354","96.06733051410266","96.06733051410268","96.06733051410268","2.58874212112106e-8"
"stilted-sweep-483","4","1","1.8","zero","9.642634502590552","9.642634502590552","9.642634502590552","92.98040015054976","92.98040015054973","92.98040015054973","7.719638629901562e-8"
"misunderstood-sweep-283","4","0.98","1.8","zero","9.59029261119628","9.59029261119628","9.59029261119628","91.97371236836597","91.97371236836594","91.97371236836594","3.552442664727095e-8"
"logical-sweep-168","4","0.75","2.3","Yoshua","8.721629199475146","8.721629199475146","8.721629199475146","76.06681589313749","76.06681589313749","76.06681589313749","2.574407433902101e-8"
"fresh-sweep-43","4","0.5","2.3","Xavier","7.111144230399664","7.111144230399663","7.111144230399663","50.56837226554643","50.56837226554642","50.56837226554642","2.7233857903562852e-8"
"whole-sweep-18","4","0.5","2.3","He","7.209062839285086","7.209062839285085","7.209062839285085","51.970587020761144","51.97058702076113","51.97058702076113","2.968109883568105e-8"
"driven-sweep-193","4","0.75","2.3","zero","8.519875646352752","8.519875646352753","8.519875646352753","72.58828102931473","72.58828102931474","72.58828102931474","2.439251811551912e-8"
"cool-sweep-293","4","0.98","2.3","zero","9.59029261119628","9.59029261119628","9.59029261119628","91.97371236836597","91.97371236836594","91.97371236836594","2.5758409026239962e-8"
"daily-sweep-228","4","0.98","1.5","Xavier","9.86818647418375","10.936747185736715","9.877037747103666","97.3811042892631","119.61243900472","97.55587465771066","4.3541694057138456e-8"
"worthy-sweep-78","4","0.5","1.5","zero","8.185126547025764","13.704118827265768","8.559956623563519","66.9962965908259","187.80287283182008","73.27285739728894","4.9832492304252213e-8"
"dry-sweep-379","5","0.99","1.5","zero","9.780793001085588","13.73223572507225","9.810032806065038","95.6639117300848","188.5742980089506","96.23674365607228","3.021956847002609e-8"
"lunar-sweep-129","5","0.75","1.5","Xavier","10.456713096672193","11.771673120236928","10.433535918637189","109.34284878611574","138.5722880497086","108.85867176549236","3.961697984828384e-8"
"radiant-sweep-154","5","0.75","1.5","Yoshua","10.365395736796293","11.287056377660102","10.357856451372763","107.44142878039476","127.3976416724776","107.28519026724436","3.695789536916689e-8"
"clear-sweep-139","5","0.75","2","Xavier","9.751921481590555","9.751921481590552","9.751921481590552","95.09997258310732","95.0999725831073","95.0999725831073","3.0169111505781785e-8"
"likely-sweep-244","5","0.98","2.3","Xavier","10.928847514471013","10.928847514471013","10.928847514471013","119.43970799455924","119.43970799455924","119.43970799455924","2.9784936591568113e-8"
"hardy-sweep-159","5","0.75","1.8","Yoshua","9.676547272581612","9.676547272581612","9.676547272581612","93.6355671185066","93.63556711850664","93.63556711850664","2.5919162304338293e-8"
"royal-sweep-259","5","0.98","1.8","Yoshua","10.856403765761284","10.856403765761282","10.856403765761282","117.86150272523578","117.86150272523577","117.86150272523577","2.752157555417196e-8"
"exalted-sweep-494","5","1","2.3","zero","9.742995907207169","9.742995907207169","9.742995907207169","94.92596924785563","94.92596924785563","94.92596924785563","2.5762504651159663e-8"
"fast-sweep-349","5","0.99","3","Xavier","10.956283593236108","10.95628359323611","10.95628359323611","120.04015017541472","120.04015017541478","120.04015017541478","3.0703727325974096e-8"
"cerulean-sweep-324","5","0.99","3","He","11.484489800374122","11.484489800374122","11.484489800374122","131.89350597489724","131.89350597489727","131.89350597489727","3.3591291685171313e-8"
"lilac-sweep-474","5","1","3","Yoshua","10.90896418183374","10.90896418183374","10.90896418183374","119.0054995205315","119.00549952053149","119.00549952053149","3.003628925486939e-8"
"good-sweep-334","5","0.99","1.8","Xavier","10.956283593236108","10.95628359323611","10.95628359323611","120.04015017541472","120.04015017541478","120.04015017541478","3.9956916716619174e-8"
"comic-sweep-144","5","0.75","2.3","Xavier","9.751921481590555","9.751921481590552","9.751921481590552","95.09997258310732","95.0999725831073","95.0999725831073","3.538005586885144e-8"
"hardy-sweep-194","5","0.75","2.3","zero","8.466056744597438","8.46605674459744","8.46605674459744","71.67411680274378","71.6741168027438","71.6741168027438","3.5509068053822074e-8"
"celestial-sweep-294","5","0.98","2.3","zero","9.687174746108338","9.68717474610834","9.68717474610834","93.84135456163916","93.84135456163918","93.84135456163918","2.989499019513965e-8"
"dandy-sweep-119","5","0.75","2.3","He","10.303279230246584","10.303279230246584","10.303279230246584","106.15756289643063","106.15756289643062","106.15756289643062","2.508672653940873e-8"
"laced-sweep-444","5","1","2.3","Xavier","10.981190878395338","10.981190878395338","10.981190878395338","120.58655310775298","120.586553107753","120.586553107753","2.7984690402212843e-8"
"smart-sweep-354","5","0.99","1.5","Yoshua","11.016325616868269","12.0144139457932","10.972446289339135","121.359430096868","144.3461424608701","120.39457757243215","4.4641287718529094e-8"
"apricot-sweep-499","5","1","3","zero","9.742995907207169","9.742995907207169","9.742995907207169","94.92596924785563","94.92596924785563","94.92596924785563","2.9700736008888073e-8"
"sweepy-sweep-239","5","0.98","2","Xavier","10.928847514471013","10.928847514471013","10.928847514471013","119.43970799455924","119.43970799455924","119.43970799455924","2.5766600276079368e-8"
"warm-sweep-409","5","1","1.8","He","11.508630532785045","11.508630532785045","11.508630532785045","132.4485767401522","132.44857674015216","132.44857674015216","3.022161628248593e-8"
"cerulean-sweep-344","5","0.99","2.3","Xavier","10.956283593236108","10.95628359323611","10.95628359323611","120.04015017541472","120.04015017541478","120.04015017541478","2.5753289495090333e-8"
"elated-sweep-179","5","0.75","1.5","zero","8.993174139523305","12.878513606968074","9.142011543711194","80.87718110379075","165.85611272486184","83.57637506534873","5.4957100768559844e-8"
"gentle-sweep-19","5","0.5","2.3","He","8.275521123938258","8.275521123938256","8.275521123938256","68.48424987274832","68.48424987274831","68.48424987274831","3.3320980440470935e-8"
"fresh-sweep-14","5","0.5","2","He","8.275521123938258","8.275521123938256","8.275521123938256","68.48424987274832","68.48424987274831","68.48424987274831","5.000450855087972e-8"
"cerulean-sweep-459","5","1","1.8","Yoshua","10.90896418183374","10.90896418183374","10.90896418183374","119.0054995205315","119.00549952053149","119.00549952053149","5.6688568419834455e-8"
"usual-sweep-464","5","1","2","Yoshua","10.90896418183374","10.90896418183374","10.90896418183374","119.0054995205315","119.00549952053149","119.00549952053149","2.577274371345892e-8"
"fast-sweep-329","5","0.99","1.5","Xavier","11.09928155117576","12.455238638520628","11.044513127308573","123.19405095227056","155.1329695424972","121.9812702192914","3.243120592666552e-8"
"swift-sweep-284","5","0.98","1.8","zero","9.687174746108338","9.68717474610834","9.68717474610834","93.84135456163916","93.84135456163918","93.84135456163918","3.1929491874001955e-8"
"youthful-sweep-199","5","0.75","3","zero","8.466056744597438","8.46605674459744","8.46605674459744","71.67411680274378","71.6741168027438","71.6741168027438","2.5896636367279928e-8"
"generous-sweep-269","5","0.98","2.3","Yoshua","10.856403765761284","10.856403765761282","10.856403765761282","117.86150272523578","117.86150272523577","117.86150272523577","3.931083188553607e-8"
"still-sweep-424","5","1","3","He","11.508630532785045","11.508630532785045","11.508630532785045","132.4485767401522","132.44857674015216","132.44857674015216","3.7259947706994966e-8"
"icy-sweep-229","5","0.98","1.5","Xavier","11.086147314009851","12.440071900646435","11.032362389600973","122.90266226792788","154.75538889325307","121.71301989548206","4.681365786963296e-8"
"sweepy-sweep-204","5","0.98","1.5","He","11.711676462368125","16.704186068320123","11.55946733463296","137.16336555918755","279.02983220506013","133.62128506044644","4.9612352464818185e-8"
"ruby-sweep-124","5","0.75","3","He","10.303279230246584","10.303279230246584","10.303279230246584","106.15756289643063","106.15756289643062","106.15756289643062","3.180764703264079e-8"
"fallen-sweep-384","5","0.99","1.8","zero","9.716445189736843","9.716445189736843","9.716445189736843","94.40930712516024","94.40930712516024","94.40930712516024","3.87415400216974e-8"
"spring-sweep-449","5","1","3","Xavier","10.981190878395338","10.981190878395338","10.981190878395338","120.58655310775298","120.586553107753","120.586553107753","3.001478722404095e-8"
"celestial-sweep-439","5","1","2","Xavier","10.981190878395338","10.981190878395338","10.981190878395338","120.58655310775298","120.586553107753","120.586553107753","3.410649794192169e-8"
"driven-sweep-184","5","0.75","1.8","zero","8.466056744597438","8.46605674459744","8.46605674459744","71.67411680274378","71.6741168027438","71.6741168027438","2.9715400910011644e-8"
"decent-sweep-414","5","1","2","He","11.508630532785045","11.508630532785045","11.508630532785045","132.4485767401522","132.44857674015216","132.44857674015216","3.9455202663955587e-8"
"iconic-sweep-454","5","1","1.5","Yoshua","11.028256649387597","12.029304517508086","10.983300494547027","121.62244472476176","144.70416717494044","120.63288975351698","4.315662368513686e-8"
"effortless-sweep-304","5","0.99","1.5","He","11.72278217453133","16.710672173771293","11.570962417740136","137.42362191150949","279.24656449925425","133.88717127275464","4.2847404003699327e-8"
"zesty-sweep-214","5","0.98","2","He","11.457908882328187","11.457908882328187","11.457908882328187","131.2836759557352","131.2836759557352","131.2836759557352","2.1618756138650497e-8"
"serene-sweep-339","5","0.99","2","Xavier","10.956283593236108","10.95628359323611","10.95628359323611","120.04015017541472","120.04015017541478","120.04015017541478","3.1212757513053985e-8"
"smooth-sweep-59","5","0.5","1.8","Yoshua","7.650973561620275","7.650973561620275","7.650973561620275","58.53739644061244","58.53739644061243","58.53739644061243","2.679357822469481e-8"
"trim-sweep-224","5","0.98","3","He","11.457908882328187","11.457908882328187","11.457908882328187","131.2836759557352","131.2836759557352","131.2836759557352","2.5037579040372297e-8"
"earnest-sweep-39","5","0.5","2","Xavier","7.725859034889174","7.725859034889174","7.725859034889174","59.688897826978675","59.68889782697868","59.68889782697868","3.4487209636356266e-8"
"deft-sweep-74","5","0.5","3","Yoshua","7.650973561620275","7.650973561620275","7.650973561620275","58.53739644061244","58.53739644061243","58.53739644061243","2.918542317780116e-8"
"solar-sweep-104","5","0.75","1.5","He","11.140214038482789","16.297971528091832","10.987118746713428","124.104368823209","265.623875930492","120.71677835438166","4.289143197158611e-8"
"floral-sweep-479","5","1","1.5","zero","9.797114914389413","13.757106827250036","9.821884988628357","95.98346064575148","189.25798825636957","96.46942472984308","4.3183245247114946e-8"
"radiant-sweep-369","5","0.99","2.3","Yoshua","10.883954309379076","10.883954309379078","10.883954309379078","118.46046140865135","118.4604614086514","118.4604614086514","2.6999097817931923e-8"
"good-sweep-84","5","0.5","1.8","zero","6.461705423968915","6.461705423968914","6.461705423968914","41.753636986149296","41.75363698614928","41.75363698614928","3.4576289478359787e-8"
"copper-sweep-219","5","0.98","2.3","He","11.457908882328187","11.457908882328187","11.457908882328187","131.2836759557352","131.2836759557352","131.2836759557352","2.4857371543905377e-8"
"tough-sweep-44","5","0.5","2.3","Xavier","7.725859034889174","7.725859034889174","7.725859034889174","59.688897826978675","59.68889782697868","59.68889782697868","2.9599932997067905e-8"
"pleasant-sweep-64","5","0.5","2","Yoshua","7.650973561620275","7.650973561620275","7.650973561620275","58.53739644061244","58.53739644061243","58.53739644061243","3.4359221357615555e-8"
"driven-sweep-399","5","0.99","3","zero","9.716445189736843","9.716445189736843","9.716445189736843","94.40930712516024","94.40930712516024","94.40930712516024","4.1826569492463426e-8"
"ruby-sweep-209","5","0.98","1.8","He","11.457908882328187","11.457908882328187","11.457908882328187","131.2836759557352","131.2836759557352","131.2836759557352","3.0242094407084455e-8"
"dainty-sweep-314","5","0.99","2","He","11.484489800374122","11.484489800374122","11.484489800374122","131.89350597489724","131.89350597489727","131.89350597489727","3.1657132816841714e-8"
"smart-sweep-389","5","0.99","2","zero","9.716445189736843","9.716445189736843","9.716445189736843","94.40930712516024","94.40930712516024","94.40930712516024","2.586694308661208e-8"
"avid-sweep-114","5","0.75","2","He","10.303279230246584","10.303279230246584","10.303279230246584","106.15756289643063","106.15756289643062","106.15756289643062","2.3886708437935843e-8"
"clear-sweep-109","5","0.75","1.8","He","10.303279230246584","10.303279230246584","10.303279230246584","106.15756289643063","106.15756289643062","106.15756289643062","2.990727706989875e-8"
"logical-sweep-434","5","1","1.8","Xavier","10.981190878395338","10.981190878395338","10.981190878395338","120.58655310775298","120.586553107753","120.586553107753","2.5781958869528255e-8"
"misunderstood-sweep-289","5","0.98","2","zero","9.687174746108338","9.68717474610834","9.68717474610834","93.84135456163916","93.84135456163918","93.84135456163918","3.4472874949137296e-8"
"cosmic-sweep-274","5","0.98","3","Yoshua","10.856403765761284","10.856403765761282","10.856403765761282","117.86150272523578","117.86150272523577","117.86150272523577","2.5635540278648883e-8"
"lemon-sweep-234","5","0.98","1.8","Xavier","10.928847514471013","10.928847514471013","10.928847514471013","119.43970799455924","119.43970799455924","119.43970799455924","2.992058785088779e-8"
"sweet-sweep-164","5","0.75","2","Yoshua","9.676547272581612","9.676547272581612","9.676547272581612","93.6355671185066","93.63556711850664","93.63556711850664","2.5592536216992004e-8"
"likely-sweep-264","5","0.98","2","Yoshua","10.856403765761284","10.856403765761282","10.856403765761282","117.86150272523578","117.86150272523577","117.86150272523577","4.317505399727554e-8"
"valiant-sweep-174","5","0.75","3","Yoshua","9.676547272581612","9.676547272581612","9.676547272581612","93.6355671185066","93.63556711850664","93.63556711850664","2.5591512310762083e-8"
"upbeat-sweep-89","5","0.5","2","zero","6.461705423968915","6.461705423968914","6.461705423968914","41.753636986149296","41.75363698614928","41.75363698614928","3.696915833769607e-8"
"fragrant-sweep-319","5","0.99","2.3","He","11.484489800374122","11.484489800374122","11.484489800374122","131.89350597489724","131.89350597489727","131.89350597489727","3.814562659588066e-8"
"fancy-sweep-299","5","0.98","3","zero","9.687174746108338","9.68717474610834","9.68717474610834","93.84135456163916","93.84135456163918","93.84135456163918","2.7428400087248722e-8"
"resilient-sweep-364","5","0.99","2","Yoshua","10.883954309379076","10.883954309379078","10.883954309379078","118.46046140865135","118.4604614086514","118.4604614086514","2.5759432932469893e-8"
"sunny-sweep-484","5","1","1.8","zero","9.742995907207169","9.742995907207169","9.742995907207169","94.92596924785563","94.92596924785563","94.92596924785563","2.6448521825209862e-8"
"likely-sweep-34","5","0.5","1.8","Xavier","7.725859034889174","7.725859034889174","7.725859034889174","59.688897826978675","59.68889782697868","59.68889782697868","2.5741002620331225e-8"
"azure-sweep-9","5","0.5","1.8","He","8.275521123938258","8.275521123938256","8.275521123938256","68.48424987274832","68.48424987274831","68.48424987274831","2.596830980337472e-8"
"jolly-sweep-54","5","0.5","1.5","Yoshua","9.121445328496057","10.085709672184237","9.154584205048453","83.20076488074254","101.72153959159066","83.80641196732259","3.4318265108418535e-8"
"lyric-sweep-69","5","0.5","2.3","Yoshua","7.650973561620275","7.650973561620275","7.650973561620275","58.53739644061244","58.53739644061243","58.53739644061243","3.351757043661665e-8"
"summer-sweep-279","5","0.98","1.5","zero","9.762646529344492","13.705691572323802","9.796498221935328","95.30926725692204","187.8459814756677","95.971377412382","5.3632208323506354e-8"
"clear-sweep-249","5","0.98","3","Xavier","10.928847514471013","10.928847514471013","10.928847514471013","119.43970799455924","119.43970799455924","119.43970799455924","2.5735883089181596e-8"
"balmy-sweep-189","5","0.75","2","zero","8.466056744597438","8.46605674459744","8.46605674459744","71.67411680274378","71.6741168027438","71.6741168027438","3.0178612220829064e-8"
"quiet-sweep-469","5","1","2.3","Yoshua","10.90896418183374","10.90896418183374","10.90896418183374","119.0054995205315","119.00549952053149","119.00549952053149","2.6465928231118598e-8"
"polished-sweep-429","5","1","1.5","Xavier","11.110949518576728","12.468753402322587","11.055298496021868","123.45319920436042","155.46981140793108","122.21962483614335","7.608135241462658e-8"
"worldly-sweep-79","5","0.5","1.5","zero","7.659735794520092","11.841313883830797","7.95778415481011","58.67155244185234","140.21671449540395","63.32632865454685","3.622682632099997e-8"
"silver-sweep-404","5","1","1.5","He","11.732573263975477","16.716013620912655","11.581226700176568","137.65327539455217","279.4251113745374","134.12481188088262","3.4350006201546224e-8"
"worldly-sweep-309","5","0.99","1.8","He","11.484489800374122","11.484489800374122","11.484489800374122","131.89350597489724","131.89350597489727","131.89350597489727","2.5758409026239962e-8"
"ruby-sweep-149","5","0.75","3","Xavier","9.751921481590555","9.751921481590552","9.751921481590552","95.09997258310732","95.0999725831073","95.0999725831073","2.5898684179739777e-8"
"driven-sweep-49","5","0.5","3","Xavier","7.725859034889174","7.725859034889174","7.725859034889174","59.688897826978675","59.68889782697868","59.68889782697868","3.2520285768669056e-8"
"feasible-sweep-254","5","0.98","1.5","Yoshua","11.002907337340242","11.997794373227572","10.960208237951964","121.06396987409572","143.9470698222512","120.12616461927009","3.392383232848159e-8"
"ancient-sweep-359","5","0.99","1.8","Yoshua","10.883954309379076","10.883954309379078","10.883954309379078","118.46046140865135","118.4604614086514","118.4604614086514","3.5946276014000335e-8"
"misunderstood-sweep-4","5","0.5","1.5","He","9.944161144200814","15.48852494024124","9.785509090236646","98.88634086183323","239.8944048244749","95.75618815510404","3.826078924690693e-8"
"deep-sweep-24","5","0.5","3","He","8.275521123938258","8.275521123938256","8.275521123938256","68.48424987274832","68.48424987274831","68.48424987274831","3.823675425034404e-8"
"dulcet-sweep-394","5","0.99","2.3","zero","9.716445189736843","9.716445189736843","9.716445189736843","94.40930712516024","94.40930712516024","94.40930712516024","2.5718476683272863e-8"
"icy-sweep-134","5","0.75","1.8","Xavier","9.751921481590555","9.751921481590552","9.751921481590552","95.09997258310732","95.0999725831073","95.0999725831073","2.6063533082757813e-8"
"devout-sweep-489","5","1","2","zero","9.742995907207169","9.742995907207169","9.742995907207169","94.92596924785563","94.92596924785563","94.92596924785563","2.561915777897007e-8"
"bright-sweep-419","5","1","2.3","He","11.508630532785045","11.508630532785045","11.508630532785045","132.4485767401522","132.44857674015216","132.44857674015216","3.988454127567012e-8"
"sunny-sweep-99","5","0.5","3","zero","6.461705423968915","6.461705423968914","6.461705423968914","41.753636986149296","41.75363698614928","41.75363698614928","2.5915066679418592e-8"
"noble-sweep-94","5","0.5","2.3","zero","6.461705423968915","6.461705423968914","6.461705423968914","41.753636986149296","41.75363698614928","41.75363698614928","2.7282499914160023e-8"
"glorious-sweep-374","5","0.99","3","Yoshua","10.883954309379076","10.883954309379078","10.883954309379078","118.46046140865135","118.4604614086514","118.4604614086514","2.5818819493805573e-8"
"morning-sweep-169","5","0.75","2.3","Yoshua","9.676547272581612","9.676547272581612","9.676547272581612","93.6355671185066","93.63556711850664","93.63556711850664","3.0047552223398575e-8"
"distinctive-sweep-29","5","0.5","1.5","Xavier","9.218578194601935","10.625015553620337","9.230135934745302","84.98218392999031","112.89095551467403","85.19540937387654","3.3455112156591186e-8"
"silvery-sweep-40","6","0.5","2","Xavier","5.823374052866006","5.823374052866006","5.823374052866006","33.91168535959306","33.91168535959305","33.91168535959305","3.4014646401298406e-8"
"astral-sweep-285","6","0.98","1.8","zero","8.852588224817787","8.852588224817787","8.852588224817787","78.36831827818253","78.36831827818253","78.36831827818253","2.4210262806592362e-8"
"lively-sweep-415","6","1","2","He","9.417752048451442","9.417752048451442","9.417752048451442","88.69405364611133","88.69405364611133","88.69405364611133","3.869034471020112e-8"
"polished-sweep-25","6","0.5","3","He","6.202292143405242","6.202292143405242","6.202292143405242","38.4684278321464","38.4684278321464","38.4684278321464","2.5752265588860405e-8"
"denim-sweep-80","6","0.5","1.5","zero","5.356251665843222","5.356251665843222","5.356251665843222","28.68943190784829","28.68943190784829","28.68943190784829","2.994004206925638e-8"
"glorious-sweep-320","6","0.99","2.3","He","9.392332998509069","9.392332998509069","9.392332998509069","88.21591915488231","88.21591915488231","88.21591915488231","2.9511914035917167e-8"
"vibrant-sweep-170","6","0.75","2.3","Yoshua","7.83064643363077","7.83064643363077","7.83064643363077","61.319023568534305","61.3190235685343","61.3190235685343","2.4618801392332697e-8"
"lunar-sweep-70","6","0.5","2.3","Yoshua","5.786825177628526","5.786825177628526","5.786825177628526","33.48734563643543","33.48734563643543","33.48734563643543","2.5270005754565417e-8"
"laced-sweep-150","6","0.75","3","Xavier","7.857949068959104","7.857949068959104","7.857949068959104","61.74736357035525","61.74736357035525","61.74736357035525","3.024619003200415e-8"
"elated-sweep-200","6","0.75","3","zero","7.50759524234184","7.507595242341839","7.507595242341839","56.36398632283383","56.36398632283382","56.36398632283382","3.8491706901595544e-8"
"morning-sweep-255","6","0.98","1.5","Yoshua","9.113076592885696","9.113076592885696","9.113076592885696","83.04816498780116","83.04816498780116","83.04816498780116","3.465922588298378e-8"
"fearless-sweep-20","6","0.5","2.3","He","6.202292143405242","6.202292143405242","6.202292143405242","38.4684278321464","38.4684278321464","38.4684278321464","3.6606076688738346e-8"
"glamorous-sweep-350","6","0.99","3","Xavier","9.164667034042528","9.164667034042528","9.164667034042528","83.99112184486584","83.99112184486586","83.99112184486586","2.9772569626200297e-8"
"driven-sweep-155","6","0.75","1.5","Yoshua","7.83064643363077","7.83064643363077","7.83064643363077","61.319023568534305","61.3190235685343","61.3190235685343","3.7344931924078795e-8"
"revived-sweep-370","6","0.99","2.3","Yoshua","9.142998301629678","9.142998301629678","9.142998301629678","83.59441794360316","83.59441794360316","83.59441794360316","2.5737930901641445e-8"
"wise-sweep-485","6","1","1.8","zero","8.913180929116551","8.913180929116551","8.913180929116551","79.44479427516698","79.444794275167","79.444794275167","2.574407433902101e-8"
"misunderstood-sweep-445","6","1","2.3","Xavier","9.191490150703103","9.191490150703103","9.191490150703103","84.48349119047217","84.48349119047217","84.48349119047217","3.436229307630533e-8"
"volcanic-sweep-165","6","0.75","2","Yoshua","7.83064643363077","7.83064643363077","7.83064643363077","61.319023568534305","61.3190235685343","61.3190235685343","3.0065982535537236e-8"
"dry-sweep-120","6","0.75","2.3","He","8.143995684133197","8.143995684133198","8.143995684133198","66.32466570318013","66.32466570318016","66.32466570318016","3.014584722147143e-8"
"zany-sweep-190","6","0.75","2","zero","7.50759524234184","7.507595242341839","7.507595242341839","56.36398632283383","56.36398632283382","56.36398632283382","9.005460073442211e-8"
"crisp-sweep-410","6","1","1.8","He","9.417752048451442","9.417752048451442","9.417752048451442","88.69405364611133","88.69405364611133","88.69405364611133","2.924173802044708e-8"
"cool-sweep-360","6","0.99","1.8","Yoshua","9.142998301629678","9.142998301629678","9.142998301629678","83.59441794360316","83.59441794360316","83.59441794360316","2.846561709816342e-8"
"smart-sweep-180","6","0.75","1.5","zero","7.50759524234184","7.507595242341839","7.507595242341839","56.36398632283383","56.36398632283382","56.36398632283382","3.005881519192776e-8"
"summer-sweep-300","6","0.98","3","zero","8.852588224817787","8.852588224817787","8.852588224817787","78.36831827818253","78.36831827818253","78.36831827818253","2.4673068422518762e-8"
"kind-sweep-480","6","1","1.5","zero","8.913180929116551","8.913180929116551","8.913180929116551","79.44479427516698","79.444794275167","79.444794275167","2.9814101602975525e-8"
"deft-sweep-110","6","0.75","1.8","He","8.143995684133197","8.143995684133198","8.143995684133198","66.32466570318013","66.32466570318016","66.32466570318016","2.5610966529130665e-8"
"dutiful-sweep-455","6","1","1.5","Yoshua","9.169959470893865","9.169959470893868","9.169959470893868","84.0881566978361","84.08815669783611","84.08815669783611","2.569902246490427e-8"
"pious-sweep-355","6","0.99","1.5","Yoshua","9.142998301629678","9.142998301629678","9.142998301629678","83.59441794360316","83.59441794360316","83.59441794360316","3.5534665709570216e-8"
"frosty-sweep-130","6","0.75","1.5","Xavier","7.857949068959104","7.857949068959104","7.857949068959104","61.74736357035525","61.74736357035525","61.74736357035525","3.3427466688383195e-8"
"stellar-sweep-45","6","0.5","2.3","Xavier","5.823374052866006","5.823374052866006","5.823374052866006","33.91168535959306","33.91168535959305","33.91168535959305","2.5767624182309296e-8"
"proud-sweep-135","6","0.75","1.8","Xavier","7.857949068959104","7.857949068959104","7.857949068959104","61.74736357035525","61.74736357035525","61.74736357035525","2.6506884480315624e-8"
"smart-sweep-215","6","0.98","2","He","9.36411007970344","9.36411007970344","9.36411007970344","87.68655758480354","87.68655758480354","87.68655758480354","3.01470346396905e-8"
"crimson-sweep-60","6","0.5","1.8","Yoshua","5.786825177628526","5.786825177628526","5.786825177628526","33.48734563643543","33.48734563643543","33.48734563643543","2.5755337307550185e-8"
"logical-sweep-270","6","0.98","2.3","Yoshua","9.113076592885696","9.113076592885696","9.113076592885696","83.04816498780116","83.04816498780116","83.04816498780116","2.5895612461050004e-8"
"rich-sweep-330","6","0.99","1.5","Xavier","9.164667034042528","9.164667034042528","9.164667034042528","83.99112184486584","83.99112184486586","83.99112184486586","2.5608918716670816e-8"
"super-sweep-195","6","0.75","2.3","zero","7.50759524234184","7.507595242341839","7.507595242341839","56.36398632283383","56.36398632283382","56.36398632283382","2.5746122151480858e-8"
"peachy-sweep-435","6","1","1.8","Xavier","9.191490150703103","9.191490150703103","9.191490150703103","84.48349119047217","84.48349119047217","84.48349119047217","3.218751624394322e-8"
"curious-sweep-345","6","0.99","2.3","Xavier","9.164667034042528","9.164667034042528","9.164667034042528","83.99112184486584","83.99112184486586","83.99112184486586","3.241482342698671e-8"
"crimson-sweep-105","6","0.75","1.5","He","8.143995684133197","8.143995684133198","8.143995684133198","66.32466570318013","66.32466570318016","66.32466570318016","2.569390293375464e-8"
"cosmic-sweep-240","6","0.98","2","Xavier","9.13489692864526","9.13489692864526","9.13489692864526","83.44634189697258","83.44634189697258","83.44634189697258","2.5781958869528255e-8"
"playful-sweep-390","6","0.99","2","zero","8.884437046642688","8.884437046642688","8.884437046642688","78.93322163575705","78.93322163575705","78.93322163575705","2.7871751484806537e-8"
"clean-sweep-185","6","0.75","1.8","zero","7.50759524234184","7.507595242341839","7.507595242341839","56.36398632283383","56.36398632283382","56.36398632283382","3.475649697482671e-8"
"daily-sweep-315","6","0.99","2","He","9.392332998509069","9.392332998509069","9.392332998509069","88.21591915488231","88.21591915488231","88.21591915488231","3.8847002363379746e-8"
"different-sweep-50","6","0.5","3","Xavier","5.823374052866006","5.823374052866006","5.823374052866006","33.91168535959306","33.91168535959305","33.91168535959305","2.5943736053856505e-8"
"firm-sweep-160","6","0.75","1.8","Yoshua","7.83064643363077","7.83064643363077","7.83064643363077","61.319023568534305","61.3190235685343","61.3190235685343","2.576352855738959e-8"
"feasible-sweep-335","6","0.99","1.8","Xavier","9.164667034042528","9.164667034042528","9.164667034042528","83.99112184486584","83.99112184486586","83.99112184486586","2.5776839338378626e-8"
"legendary-sweep-305","6","0.99","1.5","He","9.392332998509069","9.392332998509069","9.392332998509069","88.21591915488231","88.21591915488231","88.21591915488231","2.747451374173377e-8"
"dutiful-sweep-325","6","0.99","3","He","9.392332998509069","9.392332998509069","9.392332998509069","88.21591915488231","88.21591915488231","88.21591915488231","3.007007816045694e-8"
"misty-sweep-280","6","0.98","1.5","zero","8.852588224817787","8.852588224817787","8.852588224817787","78.36831827818253","78.36831827818253","78.36831827818253","2.6648183540045367e-8"
"silver-sweep-35","6","0.5","1.8","Xavier","5.823374052866006","5.823374052866006","5.823374052866006","33.91168535959306","33.91168535959305","33.91168535959305","3.6654819125108895e-8"
"genial-sweep-495","6","1","2.3","zero","8.913180929116551","8.913180929116551","8.913180929116551","79.44479427516698","79.444794275167","79.444794275167","3.5436370711497345e-8"
"restful-sweep-460","6","1","1.8","Yoshua","9.169959470893865","9.169959470893868","9.169959470893868","84.0881566978361","84.08815669783611","84.08815669783611","2.4290127492526556e-8"
"solar-sweep-295","6","0.98","2.3","zero","8.852588224817787","8.852588224817787","8.852588224817787","78.36831827818253","78.36831827818253","78.36831827818253","2.7176519154687008e-8"
"zesty-sweep-245","6","0.98","2.3","Xavier","9.13489692864526","9.13489692864526","9.13489692864526","83.44634189697258","83.44634189697258","83.44634189697258","2.5770695900999072e-8"
"lucky-sweep-310","6","0.99","1.8","He","9.392332998509069","9.392332998509069","9.392332998509069","88.21591915488231","88.21591915488231","88.21591915488231","3.746984848412972e-8"
"blooming-sweep-145","6","0.75","2.3","Xavier","7.857949068959104","7.857949068959104","7.857949068959104","61.74736357035525","61.74736357035525","61.74736357035525","2.614749339361172e-8"
"driven-sweep-260","6","0.98","1.8","Yoshua","9.113076592885696","9.113076592885696","9.113076592885696","83.04816498780116","83.04816498780116","83.04816498780116","2.6923614315895365e-8"
"confused-sweep-340","6","0.99","2","Xavier","9.164667034042528","9.164667034042528","9.164667034042528","83.99112184486584","83.99112184486586","83.99112184486586","2.5738954807871376e-8"
"sunny-sweep-375","6","0.99","3","Yoshua","9.142998301629678","9.142998301629678","9.142998301629678","83.59441794360316","83.59441794360316","83.59441794360316","2.6593916509859306e-8"
"vivid-sweep-250","6","0.98","3","Xavier","9.13489692864526","9.13489692864526","9.13489692864526","83.44634189697258","83.44634189697258","83.44634189697258","2.5759432932469893e-8"
"confused-sweep-385","6","0.99","1.8","zero","8.884437046642688","8.884437046642688","8.884437046642688","78.93322163575705","78.93322163575705","78.93322163575705","3.074328877030692e-8"
"quiet-sweep-210","6","0.98","1.8","He","9.36411007970344","9.36411007970344","9.36411007970344","87.68655758480354","87.68655758480354","87.68655758480354","3.736795593656299e-8"
"snowy-sweep-175","6","0.75","3","Yoshua","7.83064643363077","7.83064643363077","7.83064643363077","61.319023568534305","61.3190235685343","61.3190235685343","2.577274371345892e-8"
"usual-sweep-100","6","0.5","3","zero","5.356251665843222","5.356251665843222","5.356251665843222","28.68943190784829","28.68943190784829","28.68943190784829","3.3843172617733025e-8"
"vivid-sweep-230","6","0.98","1.5","Xavier","9.13489692864526","9.13489692864526","9.13489692864526","83.44634189697258","83.44634189697258","83.44634189697258","3.0057791285697834e-8"
"amber-sweep-400","6","0.99","3","zero","8.884437046642688","8.884437046642688","8.884437046642688","78.93322163575705","78.93322163575705","78.93322163575705","2.5719500589502788e-8"
"earnest-sweep-235","6","0.98","1.8","Xavier","9.13489692864526","9.13489692864526","9.13489692864526","83.44634189697258","83.44634189697258","83.44634189697258","2.5764552463619515e-8"
"polar-sweep-405","6","1","1.5","He","9.417752048451442","9.417752048451442","9.417752048451442","88.69405364611133","88.69405364611133","88.69405364611133","2.5749193870170638e-8"
"sunny-sweep-430","6","1","1.5","Xavier","9.191490150703103","9.191490150703103","9.191490150703103","84.48349119047217","84.48349119047217","84.48349119047217","3.9319951857679475e-8"
"sweet-sweep-290","6","0.98","2","zero","8.852588224817787","8.852588224817787","8.852588224817787","78.36831827818253","78.36831827818253","78.36831827818253","2.5422567782824346e-8"
"fragrant-sweep-470","6","1","2.3","Yoshua","9.169959470893865","9.169959470893868","9.169959470893868","84.0881566978361","84.08815669783611","84.08815669783611","2.970649255480061e-8"
"balmy-sweep-65","6","0.5","2","Yoshua","5.786825177628526","5.786825177628526","5.786825177628526","33.48734563643543","33.48734563643543","33.48734563643543","3.5263330558639916e-8"
"lemon-sweep-420","6","1","2.3","He","9.417752048451442","9.417752048451442","9.417752048451442","88.69405364611133","88.69405364611133","88.69405364611133","3.428812301687382e-8"
"light-sweep-15","6","0.5","2","He","6.202292143405242","6.202292143405242","6.202292143405242","38.4684278321464","38.4684278321464","38.4684278321464","2.8228070852820666e-8"
"confused-sweep-205","6","0.98","1.5","He","9.36411007970344","9.36411007970344","9.36411007970344","87.68655758480354","87.68655758480354","87.68655758480354","3.548756602299363e-8"
"drawn-sweep-90","6","0.5","2","zero","5.356251665843222","5.356251665843222","5.356251665843222","28.68943190784829","28.68943190784829","28.68943190784829","3.724766083223585e-8"
"skilled-sweep-220","6","0.98","2.3","He","9.36411007970344","9.36411007970344","9.36411007970344","87.68655758480354","87.68655758480354","87.68655758480354","3.0046528317168654e-8"
"silvery-sweep-5","6","0.5","1.5","He","6.202292143405242","6.202292143405242","6.202292143405242","38.4684278321464","38.4684278321464","38.4684278321464","2.5718476683272863e-8"
"fiery-sweep-55","6","0.5","1.5","Yoshua","5.786825177628526","5.786825177628526","5.786825177628526","33.48734563643543","33.48734563643543","33.48734563643543","2.574305043279108e-8"
"treasured-sweep-75","6","0.5","3","Yoshua","5.786825177628526","5.786825177628526","5.786825177628526","33.48734563643543","33.48734563643543","33.48734563643543","2.970119621017552e-8"
"happy-sweep-95","6","0.5","2.3","zero","5.356251665843222","5.356251665843222","5.356251665843222","28.68943190784829","28.68943190784829","28.68943190784829","2.964214664353272e-8"
"true-sweep-490","6","1","2","zero","8.913180929116551","8.913180929116551","8.913180929116551","79.44479427516698","79.444794275167","79.444794275167","2.6145445581151866e-8"
"northern-sweep-140","6","0.75","2","Xavier","7.857949068959104","7.857949068959104","7.857949068959104","61.74736357035525","61.74736357035525","61.74736357035525","2.5737930901641445e-8"
"stellar-sweep-125","6","0.75","3","He","8.143995684133197","8.143995684133198","8.143995684133198","66.32466570318013","66.32466570318016","66.32466570318016","2.4939284042299433e-8"
"lemon-sweep-365","6","0.99","2","Yoshua","9.142998301629678","9.142998301629678","9.142998301629678","83.59441794360316","83.59441794360316","83.59441794360316","3.5579717583686954e-8"
"wild-sweep-440","6","1","2","Xavier","9.191490150703103","9.191490150703103","9.191490150703103","84.48349119047217","84.48349119047217","84.48349119047217","3.004140878601902e-8"
"likely-sweep-265","6","0.98","2","Yoshua","9.113076592885696","9.113076592885696","9.113076592885696","83.04816498780116","83.04816498780116","83.04816498780116","2.590482761711933e-8"
"zany-sweep-395","6","0.99","2.3","zero","8.884437046642688","8.884437046642688","8.884437046642688","78.93322163575705","78.93322163575705","78.93322163575705","3.0098747534894853e-8"
"copper-sweep-10","6","0.5","1.8","He","6.202292143405242","6.202292143405242","6.202292143405242","38.4684278321464","38.4684278321464","38.4684278321464","3.7386430643538105e-8"
"northern-sweep-465","6","1","2","Yoshua","9.169959470893865","9.169959470893868","9.169959470893868","84.0881566978361","84.08815669783611","84.08815669783611","4.160028621564985e-8"
"scarlet-sweep-275","6","0.98","3","Yoshua","9.113076592885696","9.113076592885696","9.113076592885696","83.04816498780116","83.04816498780116","83.04816498780116","2.7935233671061932e-8"
"exalted-sweep-475","6","1","3","Yoshua","9.169959470893865","9.169959470893868","9.169959470893868","84.0881566978361","84.08815669783611","84.08815669783611","3.017246878344951e-8"
"rare-sweep-30","6","0.5","1.5","Xavier","5.823374052866006","5.823374052866006","5.823374052866006","33.91168535959306","33.91168535959305","33.91168535959305","4.2997918219498383e-8"
"deep-sweep-500","6","1","3","zero","8.913180929116551","8.913180929116551","8.913180929116551","79.44479427516698","79.444794275167","79.444794275167","2.5641683716028437e-8"
"devout-sweep-115","6","0.75","2","He","8.143995684133197","8.143995684133198","8.143995684133198","66.32466570318013","66.32466570318016","66.32466570318016","3.4069455894546594e-8"
"gentle-sweep-225","6","0.98","3","He","9.36411007970344","9.36411007970344","9.36411007970344","87.68655758480354","87.68655758480354","87.68655758480354","3.344830304955495e-8"
"flowing-sweep-450","6","1","3","Xavier","9.191490150703103","9.191490150703103","9.191490150703103","84.48349119047217","84.48349119047217","84.48349119047217","3.695257471918012e-8"
"proud-sweep-425","6","1","3","He","9.417752048451442","9.417752048451442","9.417752048451442","88.69405364611133","88.69405364611133","88.69405364611133","3.4835337754530986e-8"
"sandy-sweep-380","6","0.99","1.5","zero","8.884437046642688","8.884437046642688","8.884437046642688","78.93322163575705","78.93322163575705","78.93322163575705","2.533588720906563e-8"
"zesty-sweep-85","6","0.5","1.8","zero","5.356251665843222","5.356251665843222","5.356251665843222","28.68943190784829","28.68943190784829","28.68943190784829","3.4512807292104415e-8"