"Name","Window","LearningRate","MaxDepth","MinChildWeight","Gamma","rmse_XGB","mae_XGB","Energy_Consumed"
"charmed-sweep-396","2","0.1","7","4","1","7.549688291171183","5.721840584047378","1.6897048578433292e-8"
"dauntless-sweep-406","2","1","1","2","1","7.191102911658445","5.568731551828692","1.2791660530461337e-8"
"peach-sweep-41","2","0.01","5","1","0","40.82765118809581","40.00199859884939","8.58852545661648e-9"
"firm-sweep-456","2","1","5","4","1","8.692209707771982","6.127859076912171","1.2302488085475084e-8"
"rosy-sweep-271","2","0.01","3","3","1","40.82765118809581","40.00199859884939","1.2846999192485482e-8"
"cosmic-sweep-436","2","1","3","4","1","8.5996925906943","6.306475645397557","1.1517428614145803e-8"
"true-sweep-21","2","0.01","3","1","0","40.82765118809581","40.00199859884939","1.2959581152169143e-8"
"blooming-sweep-411","2","1","1","3","1","7.191102911658445","5.568731551828692","1.2877668653775093e-8"
"warm-sweep-331","2","0.1","1","3","1","7.698260490682792","6.1238644369802175","1.2433293349987354e-8"
"peach-sweep-101","2","0.1","3","1","0","6.775323734860546","5.108858787290511","1.2890979434764128e-8"
"eternal-sweep-221","2","1","7","1","0","8.79755386666431","6.20927844592679","1.2847975373107249e-8"
"earthy-sweep-196","2","1","3","4","0","8.578440394101706","6.302521970293599","1.1300853059689569e-8"
"driven-sweep-326","2","0.1","1","2","1","7.698260490682792","6.1238644369802175","1.2833640685888291e-8"
"lemon-sweep-141","2","0.1","7","1","0","8.125417118590354","5.854340706314578","1.6771782101538216e-8"
"fanciful-sweep-126","2","0.1","5","2","0","7.602808736663753","5.605475521358366","1.2971868026928252e-8"
"iconic-sweep-301","2","0.01","7","1","1","40.82765118809581","40.00199859884939","1.2589515114440371e-8"
"fragrant-sweep-321","2","0.1","1","1","1","7.698260490682792","6.1238644369802175","1.4685434534840167e-8"
"ruby-sweep-211","2","1","5","3","0","7.981950744047473","6.029789917976624","2.1468241922851424e-8"
"floral-sweep-371","2","0.1","5","3","1","7.356751863457574","5.5083319137081","1.2714867563216912e-8"
"ruby-sweep-231","2","1","7","3","0","8.614755038061167","6.103305419724986","1.536780860495431e-8"
"deep-sweep-386","2","0.1","7","2","1","7.786320022397792","5.631880424253401","1.3400884737267109e-8"
"desert-sweep-441","2","1","5","1","1","9.131541502476182","6.305468710819368","1.2680054751399441e-8"
"swift-sweep-166","2","1","1","2","0","7.191102911658445","5.568731551828692","6.86907972470231e-8"
"sage-sweep-26","2","0.01","3","2","0","40.82765118809581","40.00199859884939","1.2823401623589033e-8"
"confused-sweep-471","2","1","7","3","1","8.934935991469446","6.343422570407007","1.2803947405220444e-8"
"misunderstood-sweep-306","2","0.01","7","2","1","40.82765118809581","40.00199859884939","1.2721011000596464e-8"
"tough-sweep-16","2","0.01","1","4","0","41.97732003093159","41.01320014973302","2.1535819734026523e-8"
"logical-sweep-266","2","0.01","3","2","1","40.82765118809581","40.00199859884939","1.3309031025477856e-8"
"chocolate-sweep-401","2","1","1","1","1","7.191102911658445","5.568731551828692","1.8124164175914205e-8"
"eternal-sweep-431","2","1","3","3","1","9.10089347626456","6.506683924127393","1.2881764278694795e-8"
"feasible-sweep-346","2","0.1","3","2","1","6.829021575497908","5.121444775587512","2.1491791766139717e-8"
"splendid-sweep-116","2","0.1","3","4","0","6.77303091055276","5.163788957755796","2.1030278350938012e-8"
"drawn-sweep-6","2","0.01","1","2","0","41.97732003093159","41.01320014973302","1.1935674922243481e-8"
"genial-sweep-296","2","0.01","5","4","1","40.82765118809581","40.00199859884939","1.2296037847237233e-8"
"fresh-sweep-236","2","1","7","4","0","8.226917548897541","6.034420984280494","1.2269468353199249e-8"
"distinctive-sweep-391","2","0.1","7","3","1","7.593210859193856","5.650553008836314","1.2830568967198513e-8"
"genial-sweep-66","2","0.01","7","2","0","40.82765118809581","40.00199859884939","1.1285494466240682e-8"
"pious-sweep-36","2","0.01","3","4","0","40.82765118809581","40.00199859884939","2.1990692543138522e-8"
"radiant-sweep-181","2","1","3","1","0","8.326713613404642","5.896788408242503","1.1988151943569393e-8"
"leafy-sweep-316","2","0.01","7","4","1","40.82765118809581","40.00199859884939","1.237660300628502e-8"
"fresh-sweep-291","2","0.01","5","3","1","40.82765118809581","40.00199859884939","1.8061093193687664e-8"
"playful-sweep-131","2","0.1","5","3","0","7.530877411367945","5.562664646862397","1.2914529278052416e-8"
"northern-sweep-146","2","0.1","7","2","0","7.82512928591467","5.685545842521422","2.1072578229374508e-8"
"hardy-sweep-341","2","0.1","3","1","1","6.774537120985526","5.110276624125818","1.2943649901823544e-8"
"vibrant-sweep-286","2","0.01","5","2","1","40.82765118809581","40.00199859884939","1.5653478443103573e-8"
"noble-sweep-96","2","0.1","1","4","0","7.698260490682792","6.1238644369802175","1.2751728187494237e-8"
"rosy-sweep-241","2","0.01","1","1","1","41.97732003093159","41.01320014973302","1.29698202144684e-8"
"fresh-sweep-426","2","1","3","2","1","8.92934492614336","6.639015844332788","1.054725807446428e-8"
"dashing-sweep-31","2","0.01","3","3","0","40.82765118809581","40.00199859884939","1.0427461045562977e-8"
"volcanic-sweep-376","2","0.1","5","4","1","7.457730306107544","5.617698716883504","1.7176027007003037e-8"
"logical-sweep-216","2","1","5","4","0","8.581041016173984","6.180536846530052","1.256844897233754e-8"
"upbeat-sweep-176","2","1","1","4","0","7.191102911658445","5.568731551828692","1.286435787278606e-8"
"iconic-sweep-76","2","0.01","7","4","0","40.82765118809581","40.00199859884939","1.2438094057642957e-8"
"fancy-sweep-91","2","0.1","1","3","0","7.698260490682792","6.1238644369802175","1.2472226099286371e-8"
"gentle-sweep-416","2","1","1","4","1","7.191102911658445","5.568731551828692","1.2405929098425382e-8"
"graceful-sweep-11","2","0.01","1","3","0","41.97732003093159","41.01320014973302","9.073857009601246e-9"
"sweepy-sweep-111","2","0.1","3","3","0","6.722914567009894","5.091925938563192","1.1109097035715525e-8"
"rosy-sweep-361","2","0.1","5","1","1","7.704042555031616","5.5715391696068535","1.2392337100790329e-8"
"azure-sweep-151","2","0.1","7","3","0","7.601464843506828","5.722180117699408","1.3486190216301316e-8"
"serene-sweep-186","2","1","3","2","0","8.523159727119456","6.390088216867755","0"
"trim-sweep-276","2","0.01","3","4","1","40.82765118809581","40.00199859884939","1.6775607900222488e-8"
"graceful-sweep-121","2","0.1","5","1","0","7.7623765203414","5.601547547174268","1.2874596935085316e-8"
"fanciful-sweep-356","2","0.1","3","4","1","6.77303091055276","5.163788957755796","1.1911101172725264e-8"
"graceful-sweep-106","2","0.1","3","2","0","6.945937826006753","5.17791145275485","1.2959581152169143e-8"
"azure-sweep-81","2","0.1","1","1","0","7.698260490682792","6.1238644369802175","8.74211139110533e-9"
"morning-sweep-281","2","0.01","5","1","1","40.82765118809581","40.00199859884939","1.2300426711438682e-8"
"vivid-sweep-206","2","1","5","2","0","8.796051999994388","6.064733346065398","1.0009707303753305e-8"
"frosty-sweep-446","2","1","5","2","1","8.9159725851167","6.338696216017201","1.5225485638994642e-8"
"prime-sweep-51","2","0.01","5","3","0","40.82765118809581","40.00199859884939","1.2869477403935688e-8"
"youthful-sweep-56","2","0.01","5","4","0","40.82765118809581","40.00199859884939","1.232762246925429e-8"
"visionary-sweep-476","2","1","7","4","1","8.192745594877268","6.252850085842994","2.1224600605162578e-8"
"rose-sweep-466","2","1","7","2","1","8.383531089131049","5.932734189334992","1.5956180977936028e-8"
"comic-sweep-1","2","0.01","1","1","0","41.97732003093159","41.01320014973302","1.2158886480367277e-8"
"solar-sweep-366","2","0.1","5","2","1","7.632375609698633","5.608901918472781","2.3917053194458683e-8"
"fresh-sweep-251","2","0.01","1","3","1","41.97732003093159","41.01320014973302","1.2510837586635011e-8"
"daily-sweep-156","2","0.1","7","4","0","7.4951681943986275","5.63834147260112","1.3925124726989048e-8"
"flowing-sweep-451","2","1","5","3","1","8.691493206534005","6.162186077093308","1.9431692431529276e-8"
"solar-sweep-336","2","0.1","1","4","1","7.698260490682792","6.1238644369802175","1.2840808029497771e-8"
"fancy-sweep-201","2","1","5","1","0","8.9979050739115","6.375290202479209","1.2852070998026952e-8"
"good-sweep-46","2","0.01","5","2","0","40.82765118809581","40.00199859884939","1.2456843193275644e-8"
"sweepy-sweep-171","2","1","1","3","0","7.191102911658445","5.568731551828692","1.2858214435406504e-8"
"resilient-sweep-311","2","0.01","7","3","1","40.82765118809581","40.00199859884939","1.6779242684429444e-8"
"earthy-sweep-421","2","1","3","1","1","8.579004641889219","6.194962553159651","1.7747366683301556e-8"
"visionary-sweep-61","2","0.01","7","1","0","40.82765118809581","40.00199859884939","1.4319328625510432e-8"
"comic-sweep-381","2","0.1","7","1","1","8.087548215401474","5.8671334157636075","1.3096784586979183e-8"
"dutiful-sweep-161","2","1","1","1","0","7.191102911658445","5.568731551828692","1.25981733463555e-8"
"dulcet-sweep-191","2","1","3","3","0","8.906707974187183","6.386098977759575","2.1047416462351975e-8"
"pious-sweep-261","2","0.01","3","1","1","40.82765118809581","40.00199859884939","1.1663315865083254e-8"
"playful-sweep-246","2","0.01","1","2","1","41.97732003093159","41.01320014973302","1.7054182165641882e-8"
"skilled-sweep-351","2","0.1","3","3","1","6.869773224173986","5.192986686263545","1.0035304959501449e-8"
"copper-sweep-71","2","0.01","7","3","0","40.82765118809581","40.00199859884939","1.6690446869663192e-8"
"fine-sweep-86","2","0.1","1","2","0","7.698260490682792","6.1238644369802175","1.2452888946149364e-8"
"youthful-sweep-136","2","0.1","5","4","0","7.308936787626329","5.452977708779611","1.7331660753951736e-8"
"major-sweep-256","2","0.01","1","4","1","41.97732003093159","41.01320014973302","1.286435787278606e-8"
"quiet-sweep-461","2","1","7","1","1","8.762153522458618","6.395321596600932","7.620934069336727e-9"
"amber-sweep-226","2","1","7","2","0","8.74169269758671","6.3882318304246475","2.1410903173975592e-8"
"hardy-sweep-302","3","0.01","7","1","1","41.29366833287845","40.55504750179168","1.2478345224104085e-8"
"effortless-sweep-422","3","1","3","1","1","7.259935710218777","5.519176746983682","1.3004368701988116e-8"
"bright-sweep-142","3","0.1","7","1","0","7.798404242385341","5.452066306231098","1.5668837036552457e-8"
"worthy-sweep-432","3","1","3","3","1","7.904242610376125","5.826754164369644","1.2990298339066916e-8"
"serene-sweep-292","3","0.01","5","3","1","41.29366833287845","40.55504750179168","1.3641630517516511e-8"
"revived-sweep-22","3","0.01","3","1","0","41.31238150878024","40.57756289101877","1.6884294721598457e-8"
"desert-sweep-47","3","0.01","5","2","0","41.31238150878024","40.57756289101877","1.2902242403293309e-8"
"firm-sweep-167","3","1","1","2","0","6.553800547792757","5.065733198793474","0"
"rare-sweep-342","3","0.1","3","1","1","6.1820710227390725","4.566539363344254","1.2536258428907685e-8"
"olive-sweep-472","3","1","7","3","1","7.80096171234035","5.836760655556956","1.2888931622304277e-8"
"astral-sweep-102","3","0.1","3","1","0","6.261411717676084","4.594397498149257","1.2836712404578066e-8"
"smooth-sweep-42","3","0.01","5","1","0","41.31238150878024","40.57756289101877","1.94644574308869e-8"
"snowy-sweep-232","3","1","7","3","0","7.482787381771313","5.605103507749496","1.1633622584415408e-8"
"firm-sweep-172","3","1","1","3","0","6.46289805530226","4.942782257473853","1.2948318183639964e-8"
"valiant-sweep-367","3","0.1","5","2","1","6.398597344105714","4.705394468836631","1.61971726511941e-8"
"summer-sweep-312","3","0.01","7","3","1","41.29366833287845","40.55504750179168","1.7347019347400623e-8"
"atomic-sweep-457","3","1","5","4","1","7.844184967786273","5.5939710953251005","1.0004587772603676e-8"
"expert-sweep-122","3","0.1","5","1","0","7.163301491151951","5.192501760568926","1.672322172049058e-8"
"vibrant-sweep-62","3","0.01","7","1","0","41.31238150878024","40.57756289101877","8.586477644156632e-9"
"drawn-sweep-97","3","0.1","1","4","0","7.520617318159885","5.993719432215536","1.1459558525328048e-8"
"lunar-sweep-177","3","1","1","4","0","6.46289805530226","4.942782257473853","1.3456175673683093e-8"
"eager-sweep-87","3","0.1","1","2","0","7.520617318159885","5.993719432215536","1.5274444301919882e-8"
"peachy-sweep-247","3","0.01","1","2","1","41.94999860038731","40.990067148713145","1.6683539500819378e-8"
"wandering-sweep-357","3","0.1","3","4","1","5.97052439276789","4.350593956141318","1.7216983256200063e-8"
"fast-sweep-202","3","1","5","1","0","7.449845924307686","5.488920067768712","1.7040871384652844e-8"
"rosy-sweep-277","3","0.01","3","4","1","41.29366833287845","40.55504750179168","1.2906338028213012e-8"
"bumbling-sweep-82","3","0.1","1","1","0","7.520617318159885","5.993719432215536","1.0736680727000526e-8"
"good-sweep-442","3","1","5","1","1","7.950837066743876","5.605020162471647","1.4471890653769354e-8"
"peachy-sweep-117","3","0.1","3","4","0","5.97052439276789","4.350593956141318","1.1807847724235722e-8"
"frosty-sweep-52","3","0.01","5","3","0","41.31238150878024","40.57756289101877","1.5429717641129375e-8"
"astral-sweep-467","3","1","7","2","1","7.612880918182562","5.66013406568958","1.1300030279496949e-8"
"earnest-sweep-67","3","0.01","7","2","0","41.31238150878024","40.57756289101877","1.278142146816208e-8"
"azure-sweep-37","3","0.01","3","4","0","41.31238150878024","40.57756289101877","1.718217044438259e-8"
"splendid-sweep-132","3","0.1","5","3","0","5.9705156652992795","4.415491634048953","1.0810401975555176e-8"
"legendary-sweep-282","3","0.01","5","1","1","41.29366833287845","40.55504750179168","1.2949342089869889e-8"
"silvery-sweep-387","3","0.1","7","2","1","6.459047822115921","4.812484251551474","1.2508038504771928e-8"
"pious-sweep-157","3","0.1","7","4","0","6.005651470708519","4.398409177915513","1.7149405445024966e-8"
"colorful-sweep-147","3","0.1","7","2","0","6.677299617940643","4.757994267617502","1.3110095367968218e-8"
"floral-sweep-222","3","1","7","1","0","8.022539432400462","5.563994851979903","1.2437686823811117e-8"
"quiet-sweep-317","3","0.01","7","4","1","41.29366833287845","40.55504750179168","1.2421074543201233e-8"
"fallen-sweep-187","3","1","3","2","0","7.178024392544184","5.61329606736706","1.2879716466234945e-8"
"valiant-sweep-242","3","0.01","1","1","1","41.94999860038731","40.990067148713145","8.556784363488786e-9"
"eager-sweep-252","3","0.01","1","3","1","41.94999860038731","40.990067148713145","1.3564709734055214e-8"
"golden-sweep-152","3","0.1","7","3","0","6.230774712299737","4.582712210969001","1.6742765880937642e-8"
"wobbly-sweep-462","3","1","7","1","1","7.850463184080339","5.618437415141444","1.286845349770576e-8"
"fresh-sweep-7","3","0.01","1","2","0","41.94999860038731","40.990067148713145","1.2968796308238475e-8"
"silvery-sweep-2","3","0.01","1","1","0","41.94999860038731","40.990067148713145","2.219419143986872e-8"
"summer-sweep-127","3","0.1","5","2","0","6.277144091879539","4.632709298213834","1.2405505871760802e-8"
"pious-sweep-212","3","1","5","3","0","6.825362931285481","4.949665355460874","1.5406717041691484e-8"
"rosy-sweep-322","3","0.1","1","1","1","7.520617318159885","5.993719432215536","1.2956509433479372e-8"
"sweet-sweep-362","3","0.1","5","1","1","7.209809620519187","5.194375870833857","1.1414506651211316e-8"
"peachy-sweep-377","3","0.1","5","4","1","6.047891747082144","4.465219107941658","1.6692017209152254e-8"
"glad-sweep-197","3","1","3","4","0","7.151801994282906","5.354079000165386","8.562927800868338e-9"
"vocal-sweep-372","3","0.1","5","3","1","5.959840531937779","4.410881657754221","1.343646327237972e-8"
"northern-sweep-162","3","1","1","1","0","6.553800547792757","5.065733198793474","1.2779373655702231e-8"
"copper-sweep-112","3","0.1","3","3","0","6.198758859904254","4.517713214701991","1.2154790855447572e-8"
"expert-sweep-307","3","0.01","7","2","1","41.29366833287845","40.55504750179168","1.2733297875355574e-8"
"tough-sweep-192","3","1","3","3","0","7.855524755554955","5.729701442792338","1.3599522545872688e-8"
"azure-sweep-347","3","0.1","3","2","1","5.891567973444104","4.308753372093939","1.201282241595436e-8"
"gentle-sweep-27","3","0.01","3","2","0","41.31238150878024","40.57756289101877","1.28500231855671e-8"
"super-sweep-32","3","0.01","3","3","0","41.31238150878024","40.57756289101877","1.1006991971700902e-8"
"robust-sweep-257","3","0.01","1","4","1","41.94999860038731","40.990067148713145","1.9479816024335783e-8"
"lively-sweep-397","3","0.1","7","4","1","5.985483448153379","4.5173888965237525","1.3589283483573428e-8"
"restful-sweep-332","3","0.1","1","3","1","7.520617318159885","5.993719432215536","1.5062191982148458e-8"
"silvery-sweep-72","3","0.01","7","3","0","41.31238150878024","40.57756289101877","1.7176027007003037e-8"
"glorious-sweep-417","3","1","1","4","1","6.46289805530226","4.942782257473853","9.839738869585644e-9"
"northern-sweep-297","3","0.01","5","4","1","41.29366833287845","40.55504750179168","1.7363401847079435e-8"
"sweepy-sweep-267","3","0.01","3","2","1","41.29366833287845","40.55504750179168","1.2996441776446472e-8"
"dashing-sweep-272","3","0.01","3","3","1","41.29366833287845","40.55504750179168","1.3201766645099472e-8"
"smooth-sweep-17","3","0.01","1","4","0","41.94999860038731","40.990067148713145","1.2876644747545166e-8"
"snowy-sweep-352","3","0.1","3","3","1","6.199085537179286","4.526532722325479","1.1528160242733064e-8"
"eager-sweep-382","3","0.1","7","1","1","7.6078345556880755","5.410063435806767","1.283773631080799e-8"
"summer-sweep-327","3","0.1","1","2","1","7.520617318159885","5.993719432215536","1.2847975373107249e-8"
"scarlet-sweep-477","3","1","7","4","1","7.495766974429619","5.261639620873236","1.5692194333622768e-8"
"expert-sweep-427","3","1","3","2","1","7.26051839774857","5.634129093490109","1.2939103027570632e-8"
"vibrant-sweep-337","3","0.1","1","4","1","7.520617318159885","5.993719432215536","1.4700519591946837e-8"
"warm-sweep-447","3","1","5","2","1","7.754665157288931","5.5680843858288185","9.63290981114066e-9"
"dutiful-sweep-402","3","1","1","1","1","6.553800547792757","5.065733198793474","1.3339450363471568e-8"
"young-sweep-407","3","1","1","2","1","6.553800547792757","5.065733198793474","1.2865381779015984e-8"
"deep-sweep-412","3","1","1","3","1","6.46289805530226","4.942782257473853","1.7125855601736677e-8"
"vibrant-sweep-437","3","1","3","4","1","7.025295754185989","5.153175688909716","1.2856166622946652e-8"
"deft-sweep-237","3","1","7","4","0","7.968835305666439","5.508334041669291","1.2798827874070817e-8"
"tough-sweep-182","3","1","3","1","0","7.601658640111559","5.936481196446573","1.6841381241445356e-8"
"lyric-sweep-262","3","0.01","3","1","1","41.29366833287845","40.55504750179168","1.4319328625510432e-8"
"confused-sweep-137","3","0.1","5","4","0","5.860691981021936","4.377556673308342","1.8212220111687808e-8"
"hearty-sweep-452","3","1","5","3","1","7.526959370886162","5.549744787597656","2.136421162074637e-8"
"lucky-sweep-217","3","1","5","4","0","7.43147360994351","5.449703513262348","1.2855142716716729e-8"
"fresh-sweep-392","3","0.1","7","3","1","6.086566675015623","4.619541939815398","1.6816206812361794e-8"
"sweet-sweep-12","3","0.01","1","3","0","41.94999860038731","40.990067148713145","1.7221078881119767e-8"
"classic-sweep-227","3","1","7","2","0","7.32296783766709","5.542960825864729","1.6102973278040937e-8"
"zesty-sweep-77","3","0.01","7","4","0","41.31238150878024","40.57756289101877","1.2887907716074347e-8"
"fearless-sweep-207","3","1","5","2","0","7.854171472300665","5.656475295725176","1.2932959590191078e-8"
"treasured-sweep-57","3","0.01","5","4","0","41.31238150878024","40.57756289101877","1.231514214876168e-8"
"rose-sweep-92","3","0.1","1","3","0","7.520617318159885","5.993719432215536","1.6890215158835215e-8"
"warm-sweep-287","3","0.01","5","2","1","41.29366833287845","40.55504750179168","2.1331038488041385e-8"
"floral-sweep-107","3","0.1","3","2","0","5.976775912420807","4.365725998810799","1.287869256000502e-8"
"generous-sweep-358","4","0.1","3","4","1","5.432439907066589","4.13296424718057","8.442106865737112e-9"
"noble-sweep-268","4","0.01","3","2","1","40.90303688659878","40.199657260722496","1.3000537401366173e-8"
"azure-sweep-428","4","1","3","2","1","7.193950839916894","5.299143271366241","1.3402932549726961e-8"
"charmed-sweep-188","4","1","3","2","0","7.161885963439689","5.28347147846837","5.837917327880859e-8"
"pleasant-sweep-63","4","0.01","7","1","0","40.89927438595572","40.194845143176664","1.7388999502827574e-8"
"snowy-sweep-163","4","1","1","1","0","6.399560738666356","4.727256397862588","1.2778349749472304e-8"
"fanciful-sweep-148","4","0.1","7","2","0","5.252856867089642","4.016633027107485","1.286845349770576e-8"
"helpful-sweep-48","4","0.01","5","2","0","40.89927438595572","40.194845143176664","1.286845349770576e-8"
"worthy-sweep-98","4","0.1","1","4","0","7.091201283575798","5.661279470529864","1.7219031068659915e-8"
"pious-sweep-88","4","0.1","1","2","0","7.091201283575798","5.661279470529864","1.1732175386087977e-8"
"eager-sweep-53","4","0.01","5","3","0","40.89927438595572","40.194845143176664","1.6685507222670522e-8"
"revived-sweep-353","4","0.1","3","3","1","5.57995728195123","4.2456146838772675","1.2855142716716729e-8"
"honest-sweep-143","4","0.1","7","1","0","5.61993335749207","4.291199626897996","1.9848422267109023e-8"
"cerulean-sweep-363","4","0.1","5","1","1","5.904684315017124","4.371898421748992","1.506327256594078e-8"
"giddy-sweep-133","4","0.1","5","3","0","5.432252602996286","4.04266920874811","1.8929978378865705e-8"
"noble-sweep-413","4","1","1","3","1","6.399560738666356","4.727256397862588","8.992968417437118e-9"
"sparkling-sweep-373","4","0.1","5","3","1","5.245536921042271","4.02399079727665","2.4499004363431395e-8"
"giddy-sweep-18","4","0.01","1","4","0","41.89337850352632","40.91559865909699","1.2884835997384572e-8"
"whole-sweep-43","4","0.01","5","1","0","40.89927438595572","40.194845143176664","1.2385664761925202e-8"
"iconic-sweep-328","4","0.1","1","2","1","7.091201283575798","5.661279470529864","1.7352138878550252e-8"
"stilted-sweep-243","4","0.01","1","1","1","41.89337850352632","40.91559865909699","1.248173206338126e-8"
"twilight-sweep-178","4","1","1","4","0","6.157013620692315","4.588864472419984","6.836346505818054e-8"
"astral-sweep-408","4","1","1","2","1","6.399560738666356","4.727256397862588","1.2886883809844425e-8"
"colorful-sweep-263","4","0.01","3","1","1","40.90303688659878","40.199657260722496","1.2640122408432336e-8"
"copper-sweep-198","4","1","3","4","0","6.825275008022522","4.964414411778603","1.0155101988402751e-8"
"zany-sweep-318","4","0.01","7","4","1","40.89927438595572","40.194845143176664","1.1202558061616705e-8"
"sweet-sweep-283","4","0.01","5","1","1","40.89927438595572","40.194845143176664","1.3607713795712092e-8"
"apricot-sweep-448","4","1","5","2","1","5.359221329364817","4.0743934288763235","1.7181146538152666e-8"
"sleek-sweep-293","4","0.01","5","3","1","40.89927438595572","40.194845143176664","1.2403668137292496e-8"
"sparkling-sweep-368","4","0.1","5","2","1","5.5762850047157295","4.2194062289330265","1.2975963651847957e-8"
"misunderstood-sweep-418","4","1","1","4","1","6.157013620692315","4.588864472419984","1.3324833187956151e-8"
"grateful-sweep-278","4","0.01","3","4","1","40.90303688659878","40.199657260722496","2.3884025149653906e-8"
"revived-sweep-73","4","0.01","7","3","0","40.89927438595572","40.194845143176664","1.7267154661466423e-8"
"fresh-sweep-93","4","0.1","1","3","0","7.091201283575798","5.661279470529864","1.2843879748187544e-8"
"lucky-sweep-103","4","0.1","3","1","0","5.547369060086943","4.208546039999684","1.2816234279979551e-8"
"clean-sweep-378","4","0.1","5","4","1","5.237429034002751","3.96912400945848","1.3597474733412836e-8"
"vocal-sweep-333","4","0.1","1","3","1","7.091201283575798","5.661279470529864","2.1173691752159764e-8"
"flowing-sweep-468","4","1","7","2","1","6.6898148550740455","4.983762813641947","1.2716915375676764e-8"
"morning-sweep-158","4","0.1","7","4","0","4.9974769089581494","3.775882353358115","1.3009752557435503e-8"
"earthy-sweep-23","4","0.01","3","1","0","40.90303688659878","40.199657260722496","1.3852427384664326e-8"
"devout-sweep-128","4","0.1","5","2","0","5.446161954343118","4.105232317130796","1.251725366084126e-8"
"lively-sweep-248","4","0.01","1","2","1","41.89337850352632","40.91559865909699","1.2400289617744422e-8"
"glorious-sweep-478","4","1","7","4","1","6.415253284602132","4.668016179041707","8.822999983269457e-9"
"major-sweep-303","4","0.01","7","1","1","40.89927438595572","40.194845143176664","2.988167941415062e-8"
"fearless-sweep-403","4","1","1","1","1","6.399560738666356","4.727256397862588","1.3023063338424537e-8"
"hearty-sweep-463","4","1","7","1","1","6.775374846675391","4.7363923298497355","1.389850316501098e-8"
"dutiful-sweep-183","4","1","3","1","0","6.779062244140063","5.231636051104146","2.1097925761826747e-8"
"unique-sweep-348","4","0.1","3","2","1","5.575180390825577","4.2392168212890615","1.3820686291536631e-8"
"different-sweep-423","4","1","3","1","1","6.574819343078521","4.96598898866715","1.7170907475853407e-8"
"grateful-sweep-108","4","0.1","3","2","0","5.568728036958885","4.1815763764412175","1.5486339284633586e-8"
"effortless-sweep-343","4","0.1","3","1","1","5.541866130316971","4.209239207409273","1.1728845863798496e-8"
"icy-sweep-388","4","0.1","7","2","1","5.244681905188964","3.9904862263341103","2.40458189662402e-8"
"denim-sweep-338","4","0.1","1","4","1","7.091201283575798","5.661279470529864","1.2699508969768026e-8"
"royal-sweep-253","4","0.01","1","3","1","41.89337850352632","40.91559865909699","1.2795756155381042e-8"
"silver-sweep-473","4","1","7","3","1","6.949401339444248","4.788569608429939","1.7237832539523073e-8"
"fearless-sweep-218","4","1","5","4","0","6.099278313691418","4.926074513096962","1.7138142476495787e-8"
"logical-sweep-213","4","1","5","3","0","5.465443128126803","4.087873820249496","1.7931827814739637e-8"
"tough-sweep-3","4","0.01","1","1","0","41.89337850352632","40.91559865909699","2.5312390972658254e-8"
"lucky-sweep-288","4","0.01","5","2","1","40.89927438595572","40.194845143176664","1.3185912154590876e-8"
"radiant-sweep-228","4","1","7","2","0","6.535139309907709","5.142595936436806","8.753374359634512e-9"
"crisp-sweep-298","4","0.01","5","4","1","40.89927438595572","40.194845143176664","1.0866716818201083e-8"
"tough-sweep-33","4","0.01","3","3","0","40.90303688659878","40.199657260722496","1.564938281818387e-8"
"deep-sweep-443","4","1","5","1","1","6.200411785399817","4.5658924495573965","1.2222368666622669e-8"
"copper-sweep-223","4","1","7","1","0","6.9478306706191555","5.227889485020792","1.2483464755253712e-8"
"frosty-sweep-438","4","1","3","4","1","6.6755103687947255","5.138293249511718","1.146675696228764e-8"
"sweepy-sweep-458","4","1","5","4","1","6.064655047044451","4.8893747013215085","2.1440596454643432e-8"
"kind-sweep-118","4","0.1","3","4","0","5.426848190762995","4.093105250204763","1.2832616779658365e-8"
"magic-sweep-323","4","0.1","1","1","1","7.091201283575798","5.661279470529864","2.0906117402622235e-8"
"zany-sweep-68","4","0.01","7","2","0","40.89927438595572","40.194845143176664","1.2652409283191446e-8"
"jumping-sweep-383","4","0.1","7","1","1","5.578678676630047","4.220713751220703","1.2860262247866356e-8"
"devout-sweep-78","4","0.01","7","4","0","40.89927438595572","40.194845143176664","1.2728178344205949e-8"
"dauntless-sweep-398","4","0.1","7","4","1","4.924210481737007","3.747667374936997","1.2345996103830557e-8"
"rich-sweep-393","4","0.1","7","3","1","5.325778398303099","4.070573479437059","1.139505243284273e-8"
"cool-sweep-113","4","0.1","3","3","0","5.58261720222545","4.207545791133757","1.2981083182997584e-8"
"clean-sweep-238","4","1","7","4","0","6.378725726636098","4.762679120660597","1.7282513254915307e-8"
"fiery-sweep-153","4","0.1","7","3","0","5.24886728619786","3.9665572812972534","1.2920672715431973e-8"
"crimson-sweep-433","4","1","3","3","1","6.345473903636209","4.7096398772208925","1.2826473342278811e-8"
"glamorous-sweep-13","4","0.01","1","3","0","41.89337850352632","40.91559865909699","1.2626795894700789e-8"
"fiery-sweep-28","4","0.01","3","2","0","40.90303688659878","40.199657260722496","1.2981083182997584e-8"
"dry-sweep-173","4","1","1","3","0","6.399560738666356","4.727256397862588","1.7115098388937137e-8"
"blooming-sweep-308","4","0.01","7","2","1","40.89927438595572","40.194845143176664","1.2579279762247908e-8"
"dainty-sweep-273","4","0.01","3","3","1","40.90303688659878","40.199657260722496","1.1839427736630468e-8"
"rosy-sweep-233","4","1","7","3","0","6.523215340879787","4.73569579172442","1.2719987094366541e-8"
"apricot-sweep-138","4","0.1","5","4","0","5.0972447297522105","3.8889988608083415","1.6923122168211397e-8"
"chocolate-sweep-38","4","0.01","3","4","0","40.90303688659878","40.199657260722496","1.2823401623589033e-8"
"warm-sweep-208","4","1","5","2","0","5.563614644623202","4.262680638467112","1.7175003100773112e-8"
"frosty-sweep-58","4","0.01","5","4","0","40.89927438595572","40.194845143176664","1.4667617824418104e-8"
"stellar-sweep-83","4","0.1","1","1","0","7.091201283575798","5.661279470529864","1.28500231855671e-8"
"breezy-sweep-203","4","1","5","1","0","6.073890245966703","4.5171080798733625","1.0620979323018929e-8"
"proud-sweep-193","4","1","3","3","0","6.490073456145235","4.802385058987524","2.1078218349480773e-8"
"balmy-sweep-258","4","0.01","1","4","1","41.89337850352632","40.91559865909699","1.3129549586336804e-8"
"dauntless-sweep-313","4","0.01","7","3","1","40.89927438595572","40.194845143176664","1.28100908426e-8"
"brisk-sweep-123","4","0.1","5","1","0","5.7804970431828195","4.250651083472467","1.3034326306953718e-8"
"giddy-sweep-8","4","0.01","1","2","0","41.89337850352632","40.91559865909699","1.29698202144684e-8"
"fallen-sweep-453","4","1","5","3","1","5.4067665187308105","4.0798292994345395","1.2410462151011517e-8"
"sage-sweep-168","4","1","1","2","0","6.399560738666356","4.727256397862588","1.2881764278694795e-8"
"skilled-sweep-24","5","0.01","3","1","0","40.27156099512324","39.56516124868085","1.2653047197469884e-8"
"usual-sweep-54","5","0.01","5","3","0","40.27156099512324","39.56516124868085","1.2415417790836931e-8"
"comfy-sweep-419","5","1","1","4","1","5.602001916167536","4.398320718482233","9.138363102086564e-9"
"crimson-sweep-269","5","0.01","3","2","1","40.27156099512324","39.56516124868085","1.0105954489366317e-8"
"lyric-sweep-184","5","1","3","1","0","5.151472142087918","4.155773135474421","0"
"cosmic-sweep-304","5","0.01","7","1","1","40.27156099512324","39.56516124868085","1.6769637566211612e-8"
"volcanic-sweep-369","5","0.1","5","2","1","4.472748411173887","3.4607016546433975","1.7064421227941137e-8"
"scarlet-sweep-414","5","1","1","3","1","5.6184601976745006","4.432915346600932","8.575214675627447e-9"
"royal-sweep-89","5","0.1","1","2","0","5.986278375850924","4.78794296540291","2.1606469263891393e-8"
"prime-sweep-409","5","1","1","2","1","5.6184601976745006","4.432915346600932","1.2980059276767658e-8"
"glorious-sweep-309","5","0.01","7","2","1","40.27156099512324","39.56516124868085","1.5681123911311564e-8"
"trim-sweep-329","5","0.1","1","2","1","5.986278375850924","4.78794296540291","1.7036775759733152e-8"
"youthful-sweep-129","5","0.1","5","2","0","4.6297960667366915","3.545728785951676","1.7184218256842442e-8"
"colorful-sweep-389","5","0.1","7","2","1","4.490996119032546","3.518403691445628","2.1332062394271313e-8"
"generous-sweep-44","5","0.01","5","1","0","40.27156099512324","39.56516124868085","1.3782801761029382e-8"
"sweepy-sweep-404","5","1","1","1","1","5.6184601976745006","4.432915346600932","1.1727821957568571e-8"
"breezy-sweep-479","5","1","7","4","1","4.832168638252502","3.5966504351215987","1.1495395243375444e-8"
"fast-sweep-424","5","1","3","1","1","4.824629330104866","3.867945133529171","2.1964337736714396e-8"
"prime-sweep-74","5","0.01","7","3","0","40.27156099512324","39.56516124868085","1.7349067159860475e-8"
"lunar-sweep-314","5","0.01","7","3","1","40.27156099512324","39.56516124868085","1.4772223221876226e-8"
"avid-sweep-169","5","1","1","2","0","5.6184601976745006","4.432915346600932","0"
"zany-sweep-164","5","1","1","1","0","5.6184601976745006","4.432915346600932","1.4254193198566e-8"
"northern-sweep-399","5","0.1","7","4","1","4.286302909249436","3.457057259245842","1.7016297635134633e-8"
"azure-sweep-464","5","1","7","1","1","5.29044848593165","4.112360515569871","1.0354763703238251e-8"
"dark-sweep-254","5","0.01","1","3","1","41.569201428348464","40.58388329064154","1.068138979058454e-8"
"glad-sweep-349","5","0.1","3","2","1","4.612044327744616","3.735025871030746","1.2341263464147942e-8"
"smooth-sweep-334","5","0.1","1","3","1","5.986278375850924","4.78794296540291","1.2914529278052416e-8"
"tough-sweep-359","5","0.1","3","4","1","4.47862880049817","3.612401985217679","1.2399572512372792e-8"
"fluent-sweep-149","5","0.1","7","2","0","4.4160927278301845","3.408975684971964","1.3399860831037181e-8"
"sweepy-sweep-259","5","0.01","1","4","1","41.569201428348464","40.58388329064154","1.67560433974106e-8"
"smooth-sweep-114","5","0.1","3","3","0","4.520544745581228","3.6804275973412306","1.2591272758299968e-8"
"spring-sweep-434","5","1","3","3","1","4.625659978616352","3.740167297560169","1.0404935108504611e-8"
"radiant-sweep-99","5","0.1","1","4","0","5.986278375850924","4.78794296540291","1.2893027247223977e-8"
"swift-sweep-289","5","0.01","5","2","1","40.27156099512324","39.56516124868085","2.3656940966753208e-8"
"resilient-sweep-284","5","0.01","5","1","1","40.27156099512324","39.56516124868085","1.2587483934238562e-8"
"eternal-sweep-189","5","1","3","2","0","5.174982510333657","3.998259005638862","1.2882788184924722e-8"
"zany-sweep-339","5","0.1","1","4","1","5.986278375850924","4.78794296540291","1.1665363677543104e-8"
"hopeful-sweep-179","5","1","1","4","0","5.602001916167536","4.398320718482233","1.108992837632488e-8"
"blooming-sweep-134","5","0.1","5","3","0","4.423826678902098","3.4542586341119583","1.3203270834891454e-8"
"fearless-sweep-439","5","1","3","4","1","5.231523371025487","4.020040584441154","1.2852070998026952e-8"
"ruby-sweep-59","5","0.01","5","4","0","40.25901405916879","39.548035595998456","1.721874243900048e-8"
"olive-sweep-214","5","1","5","3","0","5.1375972781116666","3.898925066744897","1.668762373532849e-8"
"stellar-sweep-344","5","0.1","3","1","1","4.42689188877206","3.5074530551049024","1.2867429591475836e-8"
"whole-sweep-14","5","0.01","1","3","0","41.569201428348464","40.58388329064154","1.2494725552616933e-8"
"likely-sweep-394","5","0.1","7","3","1","4.388655318151029","3.498796407785723","1.3036374119413572e-8"
"glorious-sweep-429","5","1","3","2","1","5.0423120348705375","4.0456009901477445","1.5717984535588892e-8"
"comic-sweep-109","5","0.1","3","2","0","4.445252581885088","3.5162839560231856","1.2856166622946652e-8"
"comfy-sweep-474","5","1","7","3","1","5.022225358582454","3.739179390790386","1.6899846760780852e-8"
"denim-sweep-104","5","0.1","3","1","0","4.406127229750936","3.4991622796827753","1.2719987094366541e-8"
"decent-sweep-4","5","0.01","1","1","0","41.569201428348464","40.58388329064154","1.6818683732758983e-8"
"fancy-sweep-194","5","1","3","3","0","5.043201497769443","4.0295072635773685","1.3031254588263944e-8"
"soft-sweep-374","5","0.1","5","3","1","4.540289124847728","3.69434492679719","2.5660114028167097e-8"
"amber-sweep-139","5","0.1","5","4","0","4.870728546171977","3.958414488564768","1.7304015285743745e-8"
"comfy-sweep-199","5","1","3","4","0","5.088514367041799","3.854982259836505","1.3352761144460601e-8"
"amber-sweep-324","5","0.1","1","1","1","5.986278375850924","4.78794296540291","1.0737704633230453e-8"
"light-sweep-354","5","0.1","3","3","1","4.515058744780797","3.6706793114446823","1.2708724125837358e-8"
"ruby-sweep-274","5","0.01","3","3","1","40.27156099512324","39.56516124868085","1.2916577090512268e-8"
"pious-sweep-454","5","1","5","3","1","5.15058692227887","4.020310078479398","1.1084808845175251e-8"
"vibrant-sweep-79","5","0.01","7","4","0","40.25901405916879","39.548035595998456","1.670424433566748e-8"
"tough-sweep-229","5","1","7","2","0","5.424032665829984","4.017833782368322","1.2719987094366541e-8"
"distinctive-sweep-469","5","1","7","2","1","5.402169060669425","3.98726431687878","1.279268443669126e-8"
"rare-sweep-49","5","0.01","5","2","0","40.27156099512324","39.56516124868085","1.7240533099488353e-8"
"solar-sweep-209","5","1","5","2","0","5.4567052810319705","4.401733510466545","1.2879716466234945e-8"
"efficient-sweep-299","5","0.01","5","4","1","40.25901405916879","39.548035595998456","1.2413346565330762e-8"
"chocolate-sweep-94","5","0.1","1","3","0","5.986278375850924","4.78794296540291","1.5485332010661702e-8"
"driven-sweep-279","5","0.01","3","4","1","40.25901405916879","39.548035595998456","1.720572028767088e-8"
"logical-sweep-379","5","0.1","5","4","1","4.46933090511266","3.5606035248787173","1.0673198540745136e-8"
"summer-sweep-34","5","0.01","3","3","0","40.27156099512324","39.56516124868085","2.0783248655031153e-8"
"royal-sweep-319","5","0.01","7","4","1","40.25901405916879","39.548035595998456","1.1681907257954865e-8"
"dry-sweep-234","5","1","7","3","0","4.718850032183881","3.7250842617896303","1.926479571605139e-8"
"dry-sweep-449","5","1","5","2","1","5.474772069518039","4.4166424702305935","1.4892143457372086e-8"
"earnest-sweep-294","5","0.01","5","3","1","40.27156099512324","39.56516124868085","1.0262612142544944e-8"
"drawn-sweep-69","5","0.01","7","2","0","40.27156099512324","39.56516124868085","1.7151453257484822e-8"
"winter-sweep-224","5","1","7","1","0","5.201412756482539","3.9603278542795497","1.2436082580380672e-8"
"lunar-sweep-174","5","1","1","3","0","5.6184601976745006","4.432915346600932","1.287152521639554e-8"
"true-sweep-219","5","1","5","4","0","5.630085424082072","4.423240224136844","1.6637550591869713e-8"
"light-sweep-119","5","0.1","3","4","0","4.478628487519594","3.612401369943927","1.9274010872120724e-8"
"apricot-sweep-244","5","0.01","1","1","1","41.569201428348464","40.58388329064154","1.5513194337649515e-8"
"glad-sweep-64","5","0.01","7","1","0","40.27156099512324","39.56516124868085","1.2785517093081785e-8"
"dashing-sweep-364","5","0.1","5","1","1","4.299844202415268","3.3907250448903734","1.213431273084906e-8"
"lemon-sweep-444","5","1","5","1","1","5.055131310314192","4.0693558381111385","8.797402327521317e-9"
"rich-sweep-459","5","1","5","4","1","5.037604500462016","3.975847756662677","8.797402327521317e-9"
"serene-sweep-154","5","0.1","7","3","0","4.314423592459696","3.445687755756994","1.3672219888197409e-8"
"royal-sweep-384","5","0.1","7","1","1","4.407891469795935","3.4197764364919356","1.2765038968483269e-8"
"elated-sweep-124","5","0.1","5","1","0","4.257703777286576","3.2961552925355977","1.591764625042439e-8"
"confused-sweep-204","5","1","5","1","0","5.518938102119359","4.322494875803301","1.6558209565573632e-8"
"eternal-sweep-19","5","0.01","1","4","0","41.569201428348464","40.58388329064154","1.231753987806567e-8"
"lively-sweep-159","5","0.1","7","4","0","4.696203570853662","3.8061546292212705","1.6870056757246247e-8"
"toasty-sweep-9","5","0.01","1","2","0","41.569201428348464","40.58388329064154","2.396554921764013e-8"
"atomic-sweep-84","5","0.1","1","1","0","5.986278375850924","4.78794296540291","1.2736369594045353e-8"
"effortless-sweep-144","5","0.1","7","1","0","4.459915599178191","3.4549208249984256","1.2567425066107617e-8"
"misunderstood-sweep-239","5","1","7","4","0","4.781217821949896","3.845006567382813","1.4083830192627526e-8"
"charmed-sweep-29","5","0.01","3","2","0","40.27156099512324","39.56516124868085","2.7721729203070334e-8"
"glowing-sweep-264","5","0.01","3","1","1","40.27156099512324","39.56516124868085","1.136078759322522e-8"
"clean-sweep-39","5","0.01","3","4","0","40.25901405916879","39.548035595998456","1.3010776463665431e-8"
"neat-sweep-249","5","0.01","1","2","1","41.569201428348464","40.58388329064154","1.3348665519540898e-8"
"feasible-sweep-180","6","1","1","4","0","5.355831652555063","4.0032508200368575","0"
"celestial-sweep-315","6","0.01","7","3","1","39.594862713809746","38.99469203845609","1.2865381779015984e-8"
"radiant-sweep-305","6","0.01","7","1","1","39.59486512284738","38.994694745660595","1.0297424954362417e-8"
"exalted-sweep-440","6","1","3","4","1","5.109110429060256","3.98495628209268","8.840406389178195e-9"
"restful-sweep-355","6","0.1","3","3","1","4.302782182651963","3.4546891806325606","1.314823770207517e-8"
"clean-sweep-145","6","0.1","7","1","0","4.074110557687094","3.2900750698950993","1.3692698012795922e-8"
"rare-sweep-430","6","1","3","2","1","4.709605606025814","3.4973938706920995","1.2916577090512268e-8"
"logical-sweep-165","6","1","1","1","0","5.39279779064193","4.0016307186003655","1.28100908426e-8"
"floral-sweep-120","6","0.1","3","4","0","4.406324975822649","3.495532971978957","1.163378366514836e-8"
"fanciful-sweep-365","6","0.1","5","1","1","4.272585190217642","3.383537313547443","1.716783575716363e-8"
"devout-sweep-450","6","1","5","2","1","5.5360958520118695","4.3815728417181194","1.2771182405862822e-8"
"restful-sweep-105","6","0.1","3","1","0","4.322509700573193","3.438589046552105","1.7668525903597283e-8"
"rose-sweep-50","6","0.01","5","2","0","39.59486512284738","38.994694745660595","1.2845927560647397e-8"
"hopeful-sweep-480","6","1","7","4","1","4.970047249377521","3.874823982287992","1.2818282092439404e-8"
"stellar-sweep-325","6","0.1","1","1","1","5.394452908021512","4.1680888490738415","1.2920672715431973e-8"
"skilled-sweep-400","6","0.1","7","4","1","4.237511308757513","3.364063887663811","1.2915553184282344e-8"
"effortless-sweep-80","6","0.01","7","4","0","39.594862713809746","38.99469203845609","1.2423816047986394e-8"
"crimson-sweep-110","6","0.1","3","2","0","4.4305135571199585","3.5247199813350556","1.6813992677321543e-8"
"vital-sweep-160","6","0.1","7","4","0","3.960333972605481","3.1055517393050662","1.2854118810486801e-8"
"happy-sweep-330","6","0.1","1","2","1","5.394452908021512","4.1680888490738415","1.716783575716363e-8"
"youthful-sweep-5","6","0.01","1","1","0","41.28846401343924","40.51989205164755","7.84926515861015e-9"
"misunderstood-sweep-445","6","1","5","1","1","5.340574896804163","3.9216478033250386","1.2856166622946652e-8"
"upbeat-sweep-300","6","0.01","5","4","1","39.594862713809746","38.99469203845609","1.2753775999954087e-8"
"charmed-sweep-360","6","0.1","3","4","1","4.406322338319236","3.4955303878291963","1.1912125078955191e-8"
"dry-sweep-435","6","1","3","3","1","5.071946710937881","4.0565862915039075","1.2718487254106651e-8"
"icy-sweep-270","6","0.01","3","2","1","39.59486512284738","38.994694745660595","1.2863333966556133e-8"
"unique-sweep-265","6","0.01","3","1","1","39.59486512284738","38.994694745660595","1.2748656468804458e-8"
"wobbly-sweep-455","6","1","5","3","1","5.173457495004316","3.8539361145019537","8.574190769397521e-9"
"deft-sweep-410","6","1","1","2","1","5.39279779064193","4.0016307186003655","1.0518588700026362e-8"
"rose-sweep-415","6","1","1","3","1","5.39279779064193","4.0016307186003655","1.7112544820747645e-8"
"stilted-sweep-350","6","0.1","3","2","1","4.460387227105739","3.5329705339985513","1.2822377717359108e-8"
"floral-sweep-10","6","0.01","1","2","0","41.28846401343924","40.51989205164755","1.2936031308880857e-8"
"stellar-sweep-375","6","0.1","5","3","1","4.399490777360475","3.4623544427687127","1.2737393500275276e-8"
"fresh-sweep-420","6","1","1","4","1","5.355831652555063","4.0032508200368575","1.2442516186360484e-8"
"elated-sweep-290","6","0.01","5","2","1","39.59486512284738","38.994694745660595","1.2359767086107038e-8"
"dazzling-sweep-320","6","0.01","7","4","1","39.594862713809746","38.99469203845609","1.2586636841484102e-8"
"chocolate-sweep-205","6","1","5","1","0","5.741735675059132","4.2857244855327","1.2265372728279544e-8"
"fast-sweep-390","6","0.1","7","2","1","4.219065035222349","3.2727972937799277","1.4944935331995012e-8"
"lunar-sweep-30","6","0.01","3","2","0","39.59486512284738","38.994694745660595","1.2724082719286242e-8"
"unique-sweep-100","6","0.1","1","4","0","5.3858384206178895","4.161608170638546","1.4747135664189652e-8"
"morning-sweep-195","6","1","3","3","0","5.1756349572968245","4.0614977192540325","1.7834398712845237e-8"
"mild-sweep-240","6","1","7","4","0","5.029657903337004","3.9288862647271934","1.2881764278694795e-8"
"trim-sweep-475","6","1","7","3","1","5.40341313949609","3.984619379843436","1.1983282535715668e-8"
"devoted-sweep-150","6","0.1","7","2","0","4.262639455712071","3.3189163859705775","1.283773631080799e-8"
"treasured-sweep-115","6","0.1","3","3","0","4.356214637868859","3.5000111365533653","1.2941150840030484e-8"
"stoic-sweep-125","6","0.1","5","1","0","4.181803981471949","3.2786528312437","1.6064064841303763e-8"
"stellar-sweep-425","6","1","3","1","1","4.560311591284312","3.558827302403604","1.6664859065384818e-8"
"hopeful-sweep-220","6","1","5","4","0","5.425960246572076","4.307576884017453","1.2962652870858922e-8"
"helpful-sweep-380","6","0.1","5","4","1","4.262979030528753","3.391993582251765","1.2990298339066916e-8"
"faithful-sweep-210","6","1","5","2","0","5.513959432853971","4.377520829723728","1.2708724125837358e-8"
"tough-sweep-225","6","1","7","1","0","6.330955718805613","4.776738563783709","1.4463699403929948e-8"
"divine-sweep-70","6","0.01","7","2","0","39.59486512284738","38.994694745660595","2.102693833775346e-8"
"fiery-sweep-60","6","0.01","5","4","0","39.594862713809746","38.99469203845609","1.0841119162452944e-8"
"comic-sweep-55","6","0.01","5","3","0","39.594862713809746","38.99469203845609","1.0889242755259449e-8"
"balmy-sweep-370","6","0.1","5","2","1","4.332078980022161","3.407807604192919","1.3783825667259308e-8"
"worthy-sweep-25","6","0.01","3","1","0","39.59486512284738","38.994694745660595","1.2856166622946652e-8"
"ethereal-sweep-175","6","1","1","3","0","5.39279779064193","4.0016307186003655","1.6761344983883141e-9"
"celestial-sweep-245","6","0.01","1","1","1","41.28846401343924","40.51989205164755","1.6767035900279048e-8"
"distinctive-sweep-65","6","0.01","7","1","0","39.59486512284738","38.994694745660595","1.2430306331528602e-8"
"decent-sweep-335","6","0.1","1","3","1","5.394452908021512","4.1680888490738415","1.1288630542796656e-8"
"unique-sweep-255","6","0.01","1","3","1","41.28846401343924","40.51989205164755","1.7647023872768842e-8"
"dutiful-sweep-75","6","0.01","7","3","0","39.594862713809746","38.99469203845609","1.256844897233754e-8"
"trim-sweep-40","6","0.01","3","4","0","39.594862713809746","38.99469203845609","1.809549480147628e-8"
"atomic-sweep-460","6","1","5","4","1","5.237563639288059","4.140408949329008","1.2737393500275276e-8"
"swept-sweep-275","6","0.01","3","3","1","39.594862713809746","38.99469203845609","1.7065445134171065e-8"
"eager-sweep-90","6","0.1","1","2","0","5.394452908021512","4.1680888490738415","1.246793702863316e-8"
"sleek-sweep-15","6","0.01","1","3","0","41.28846401343924","40.51989205164755","1.299848958890632e-8"
"floral-sweep-35","6","0.01","3","3","0","39.594862713809746","38.99469203845609","1.3203270834891454e-8"
"grateful-sweep-235","6","1","7","3","0","5.45992721378356","4.004515337347216","1.2991322245296841e-8"
"eager-sweep-280","6","0.01","3","4","1","39.594862713809746","38.99469203845609","1.7269202473926272e-8"
"classic-sweep-130","6","0.1","5","2","0","4.405230205430093","3.480180448864352","1.2753775999954087e-8"
"lyric-sweep-405","6","1","1","1","1","5.39279779064193","4.0016307186003655","1.1452391181718564e-8"
"proud-sweep-230","6","1","7","2","0","5.919221593102403","4.536762607106855","1.4559854476298522e-8"
"treasured-sweep-185","6","1","3","1","0","4.406761006963756","3.6171196135490176","1.5210868463479224e-8"
"honest-sweep-385","6","0.1","7","1","1","4.080028338291666","3.238539345033708","2.4487445984454503e-8"
"golden-sweep-140","6","0.1","5","4","0","4.31728561179813","3.469412567729335","1.1820997424491803e-8"
"young-sweep-215","6","1","5","3","0","5.221922135652099","3.9836084905808975","1.270360459468773e-8"
"comic-sweep-20","6","0.01","1","4","0","41.28846401343924","40.51989205164755","2.3824250157910383e-8"
"hopeful-sweep-340","6","0.1","1","4","1","5.3858384206178895","4.161608170638546","1.1630550865725632e-8"
"warm-sweep-170","6","1","1","2","0","5.39279779064193","4.0016307186003655","0"
"dainty-sweep-85","6","0.1","1","1","0","5.394452908021512","4.1680888490738415","2.1357660050019452e-8"
"silver-sweep-470","6","1","7","2","1","5.656844662241779","4.338130057254915","1.06598877597561e-8"
"desert-sweep-295","6","0.01","5","3","1","39.594862713809746","38.99469203845609","1.5508965015240193e-8"
"jumping-sweep-95","6","0.1","1","3","0","5.394452908021512","4.1680888490738415","1.2885859903614498e-8"
"rich-sweep-345","6","0.1","3","1","1","4.3037489280605685","3.4375821678899956","7.294103200744456e-8"
"glowing-sweep-260","6","0.01","1","4","1","41.28846401343924","40.51989205164755","1.8710862445661608e-8"
"magic-sweep-200","6","1","3","4","0","5.047347442558865","3.858484303726689","1.2827497248508734e-8"
"breezy-sweep-395","6","0.1","7","3","1","4.35529671199289","3.3753043939405876","1.6110061177667172e-8"
"blooming-sweep-155","6","0.1","7","3","0","4.18636368048072","3.2769832810924897","1.8804037912584843e-8"
"gentle-sweep-135","6","0.1","5","3","0","4.2388867350522705","3.3143002569383193","1.270565240714758e-8"
"worldly-sweep-190","6","1","3","2","0","5.1853102134399744","3.857219864580709","1.1628503053265781e-8"
"ethereal-sweep-285","6","0.01","5","1","1","39.59486512284738","38.994694745660595","1.6151096870847445e-8"
"true-sweep-45","6","0.01","5","1","0","39.59486512284738","38.994694745660595","1.2832616779658365e-8"
"legendary-sweep-310","6","0.01","7","2","1","39.59486512284738","38.994694745660595","1.2791660530461337e-8"
"graceful-sweep-250","6","0.01","1","2","1","41.28846401343924","40.51989205164755","1.3355442521666798e-8"
"deft-sweep-465","6","1","7","1","1","6.379163709374468","4.919781455550656","1.2950365996099813e-8"